2026-09-04 22:20:08,210 DEBUG [WB_to_MX.lambda$run_gui_mode$0] Arguments: [-mx_timeout, -1, -pack, assets/MotorControlPack/MotorControl.zip, -exp, templates/wb-defines_where_and_what.txt, -ftl, templates/wb_ioc_template.ftl, -xdm, C:\Users\LH213\Desktop\projekty\Walki_robotow\ESC\ESC_test\kod\6-step, sensorless\six_step_v1_1\six_step_v1_1.wbdef, -ioc, C:\Users\LH213\Desktop\projekty\Walki_robotow\ESC\ESC_test\kod\6-step, sensorless\six_step_v1_1\six_step_v1_1.ioc]
2026-09-04 22:20:08,212 DEBUG [ArgsValue.lambda$retrieve$2] CLI_ARG[ftl]: templates/wb_ioc_template.ftl
2026-09-04 22:20:08,212 DEBUG [ArgsValue.lambda$retrieve$2] CLI_ARG[exp]: templates/wb-defines_where_and_what.txt
2026-09-04 22:20:08,212 DEBUG [ArgsValue.lambda$retrieve$2] CLI_ARG[xdm]: C:\Users\LH213\Desktop\projekty\Walki_robotow\ESC\ESC_test\kod\6-step, sensorless\six_step_v1_1\six_step_v1_1.wbdef
2026-09-04 22:20:08,213 DEBUG [ArgsValue.lambda$retrieve$2] CLI_ARG[ioc]: C:\Users\LH213\Desktop\projekty\Walki_robotow\ESC\ESC_test\kod\6-step, sensorless\six_step_v1_1\six_step_v1_1.ioc
2026-09-04 22:20:08,213 DEBUG [ArgsValue.lambda$retrieve$2] CLI_ARG[pack]: assets/MotorControlPack/MotorControl.zip
2026-09-04 22:20:08,213 DEBUG [ArgsValue.lambda$retrieve$2] CLI_ARG[mx_timeout]: -1
2026-09-04 22:20:08,213 DEBUG [ArgsValue.retrieve] {xdm=C:\Users\LH213\Desktop\projekty\Walki_robotow\ESC\ESC_test\kod\6-step, sensorless\six_step_v1_1\six_step_v1_1.wbdef, updftl=templates/wb_ioc_mc-middleware.ftl, mx_timeout=-1, exp=templates/wb-defines_where_and_what.txt, ioc=C:\Users\LH213\Desktop\projekty\Walki_robotow\ESC\ESC_test\kod\6-step, sensorless\six_step_v1_1\six_step_v1_1.ioc, pack=assets/MotorControlPack/MotorControl.zip, ftl=templates/wb_ioc_template.ftl}
2026-09-04 22:20:08,271 DEBUG [WB_to_MX.run] Targeted MCU family = G0
2026-09-04 22:20:08,279 DEBUG [WB_to_MX.run] Minimum associated CubeMx to the `6.0.0-a0` targeted MCU family is `G0`
2026-09-04 22:20:21,235 DEBUG [EnvironmentChecker.checkPack] STM32CubeMX.Version: 6.18.0-RC3
2026-09-04 22:20:21,239 DEBUG [RetrieveFirmwareVersion.from_zip] Trying to read Firmware version from zipped version Pack: C:\Program Files (x86)\STMicroelectronics\MC_SDK_6.4.2\Utilities\PC_Software\STMCWB\assets\MotorControlPack\MotorControl.zip
2026-09-04 22:20:21,291 DEBUG [RetrieveFirmwareVersion.minimum_supporte_version] minimum_supporte_version MotorControlFirmware.Version: 6.4.2-Full
2026-09-04 22:20:21,291 DEBUG [PackInfoFactory.deploy_MCPack_to_MxRepo] Deployment strategy class: VersionedFolderStyle_MCPackDeployer
2026-09-04 22:20:21,292 DEBUG [PackInfoFactory.deploy_MCPack_to_MxRepo] Expected MC Pack 6.4.2-Full already deployed
2026-09-04 22:20:21,307 DEBUG [DataSetUpdater.update] Updating data set
2026-09-04 22:20:21,308 DEBUG [DataSetUpdater.update] Update done
2026-09-04 22:20:21,308 INFO  [IocGenerator.logModulesVersionInfo] Version info: 
2026-09-04 22:20:21,321 INFO  [IocGenerator.logModulesVersionInfo]   MC Workbench       : 6.4.2
2026-09-04 22:20:21,321 INFO  [IocGenerator.logModulesVersionInfo]   WB_to_Mx           : 6.4.2.template-25-05-06
2026-09-04 22:20:21,321 INFO  [IocGenerator.logModulesVersionInfo]   STM32CubeMX        : 6.18.0
2026-09-04 22:20:21,322 INFO  [IocGenerator.logModulesVersionInfo]   MC Firmware Library: 6.4.2-Full
2026-09-04 22:20:21,322 INFO  [IocGenerator.logModulesVersionInfo] 
Generation options: 
2026-09-04 22:20:21,322 INFO  [IocGenerator.logModulesVersionInfo]   Target Toolchain   : ST STM32CubeIDE
2026-09-04 22:20:21,322 INFO  [IocGenerator.logModulesVersionInfo]   Target Driver      : HAL - Hardware Abstraction Layer
2026-09-04 22:20:21,323 INFO  [IocGenerator.logModulesVersionInfo]   Target STM32 FW    : 1.6.3

2026-09-04 22:20:21,324 DEBUG [IocGenerator.process] C:\Users\LH213\Desktop\projekty\Walki_robotow\ESC\ESC_test\kod\6-step, sensorless\six_step_v1_1\six_step_v1_1.ioc ioc file: Generating
2026-09-04 22:20:21,325 DEBUG [IocGenerator.createOutput] Generating file from template templates\wb_ioc_template.ftl
2026-09-04 22:20:22,088 DEBUG [IocGenerator.process] ioc file C:\Users\LH213\Desktop\projekty\Walki_robotow\ESC\ESC_test\kod\6-step, sensorless\six_step_v1_1\six_step_v1_1.ioc Generated
2026-09-04 22:20:22,092 INFO  [LineInfo_to_exitCode.log_LineInfo] C:\Users\LH213\Desktop\projekty\Walki_robotow\ESC\ESC_test\kod\6-step, sensorless\six_step_v1_1\six_step_v1_1.ioc ioc: Generated
2026-09-04 22:20:22,132 INFO  [Wb2MxProcess.lambda$copyFolder$e7a869af$1] Folder Copied: C:\Users\LH213\Desktop\projekty\Walki_robotow\ESC\ESC_test\kod\6-step, sensorless\six_step_v1_1\ftl
2026-09-04 22:20:22,157 INFO  [extSettings.lambda$writeContentToFile$f5919002$1] Generated C:\Users\LH213\Desktop\projekty\Walki_robotow\ESC\ESC_test\kod\6-step, sensorless\six_step_v1_1\.extSettings
2026-09-04 22:20:22,162 INFO  [Wb2MxProcess.lambda$run$$19] 
Started STM32CubeMX for final c-code generation
2026-09-04 22:20:22,173 DEBUG [CubeMxRunner.create_code_generation_script_for] Generated CubeMx script file: C:\Users\LH213\AppData\Local\Temp\WB_to_Mx-sixstepv-18025942377916279686.script
2026-09-04 22:20:23,662 DEBUG [LineInfo_to_exitCode.log_LineInfo] 2026-09-04 22:20:23,659 [INFO] MicroXplorer:98 - [MX] MX Start == 274153461971000
2026-09-04 22:20:23,662 DEBUG [LineInfo_to_exitCode.log_LineInfo] 2026-09-04 22:20:23,662 [INFO] MicroXplorer:653 - Detected Java Version = 21.0.10
2026-09-04 22:20:23,663 DEBUG [LineInfo_to_exitCode.log_LineInfo] 2026-09-04 22:20:23,663 [INFO] ApplicationProperties:184 - Using Application install path: C:\Users\LH213\AppData\Local\Programs\STM32CubeMX
2026-09-04 22:20:23,683 DEBUG [LineInfo_to_exitCode.log_LineInfo] 2026-09-04 22:20:23,682 [INFO] DbMcusXml:78 - Set database path to: C:\Users\LH213\AppData\Local\Programs\STM32CubeMX\\db\/mcu/
2026-09-04 22:20:23,683 DEBUG [LineInfo_to_exitCode.log_LineInfo] 2026-09-04 22:20:23,683 [INFO] ApiDb:274 - Set plugin database path to: C:\Users\LH213\AppData\Local\Programs\STM32CubeMX\\db\/plugins/boardmanager/
2026-09-04 22:20:23,689 DEBUG [LineInfo_to_exitCode.log_LineInfo] 2026-09-04 22:20:23,689 [INFO] McuFinderGlobals:63 - Set McuFinder mode to 1 (CubeMX integrated)
2026-09-04 22:20:23,710 DEBUG [LineInfo_to_exitCode.log_LineInfo] 2026-09-04 22:20:23,710 [INFO] ApiDb:250 - Set database path to: C:\Users\LH213\.stmcufinder\plugins\mcufinder//mcu/
2026-09-04 22:20:23,711 DEBUG [LineInfo_to_exitCode.log_LineInfo] 2026-09-04 22:20:23,711 [INFO] DbMcusAds:125 - Set database path to: C:\Users\LH213\.stmcufinder\plugins\mcufinder//mcu/
2026-09-04 22:20:26,631 DEBUG [LineInfo_to_exitCode.log_LineInfo] 2026-09-04 22:20:26,631 [INFO] CrossReferenceDbSqlite:203 - Set database path to: C:\Users\LH213\.stmcufinder\plugins\mcufinder//mcu/cs/
2026-09-04 22:20:26,782 DEBUG [LineInfo_to_exitCode.log_LineInfo] 2026-09-04 22:20:26,782 [INFO] RulesReader:64 - Compatibility file has been processed (337 Rules)
2026-09-04 22:20:26,814 DEBUG [LineInfo_to_exitCode.log_LineInfo] 2026-09-04 22:20:26,813 [INFO] STM32CubeMX:60 - Starting STM32CubeMX
2026-09-04 22:20:27,205 DEBUG [LineInfo_to_exitCode.log_LineInfo] 2026-09-04 22:20:27,204 [INFO] MainPanel:275 - HeapMemory: 71303168
2026-09-04 22:20:27,268 DEBUG [LineInfo_to_exitCode.log_LineInfo] 2026-09-04 22:20:27,268 [INFO] MainFrame:149 - AppUserModelID : STM32CubeMX.6.18.0-RC3
2026-09-04 22:20:27,615 DEBUG [LineInfo_to_exitCode.log_LineInfo] 2026-09-04 22:20:27,615 [INFO] DbMcusXml:78 - Set database path to: C:\Users\LH213\AppData\Local\Programs\STM32CubeMX\\db\/mcu/
2026-09-04 22:20:27,615 DEBUG [LineInfo_to_exitCode.log_LineInfo] 2026-09-04 22:20:27,615 [INFO] ApiDb:274 - Set plugin database path to: C:\Users\LH213\AppData\Local\Programs\STM32CubeMX\\db\/plugins/boardmanager/
2026-09-04 22:20:27,615 DEBUG [LineInfo_to_exitCode.log_LineInfo] 2026-09-04 22:20:27,615 [INFO] ApiDb:261 - Set plugin images path to: C:\Users\LH213\AppData\Local\Programs\STM32CubeMX\\db\/plugins/mcufinder/images/
2026-09-04 22:20:27,617 DEBUG [LineInfo_to_exitCode.log_LineInfo] 2026-09-04 22:20:27,617 [INFO] ApiDb:250 - Set database path to: C:\Users\LH213\.stmcufinder\plugins\mcufinder//mcu/
2026-09-04 22:20:27,617 DEBUG [LineInfo_to_exitCode.log_LineInfo] 2026-09-04 22:20:27,617 [INFO] DbMcusAds:125 - Set database path to: C:\Users\LH213\.stmcufinder\plugins\mcufinder//mcu/
2026-09-04 22:20:27,618 DEBUG [LineInfo_to_exitCode.log_LineInfo] 2026-09-04 22:20:27,618 [INFO] CrossReferenceDbSqlite:203 - Set database path to: C:\Users\LH213\.stmcufinder\plugins\mcufinder//mcu/cs/
2026-09-04 22:20:27,640 DEBUG [LineInfo_to_exitCode.log_LineInfo] 2026-09-04 22:20:27,640 [INFO] ApplicationProperties:184 - Using Application install path: C:\Users\LH213\AppData\Local\Programs\STM32CubeMX
2026-09-04 22:20:27,642 DEBUG [LineInfo_to_exitCode.log_LineInfo] 2026-09-04 22:20:27,641 [INFO] PluginManage:196 - Search for loadable plugins [exclusion list=, ]
2026-09-04 22:20:27,643 DEBUG [LineInfo_to_exitCode.log_LineInfo] 2026-09-04 22:20:27,643 [INFO] PluginManage:310 - Check plugin analytics
2026-09-04 22:20:30,715 DEBUG [LineInfo_to_exitCode.log_LineInfo] 2026-09-04 22:20:30,714 [INFO] AnalyticsPlugin:253 - Accepted Software Licenses: STM32CubeMX.6.16.1,STM32CubeMX.6.12.0,STM32CubeMX.6.18.0
2026-09-04 22:20:30,715 DEBUG [LineInfo_to_exitCode.log_LineInfo] 2026-09-04 22:20:30,715 [INFO] AnalyticsPlugin:255 - Accepted CMSIS Pack Licenses: 
2026-09-04 22:20:30,716 DEBUG [LineInfo_to_exitCode.log_LineInfo] 2026-09-04 22:20:30,715 [INFO] AnalyticsPlugin:257 - Accepted Firmware Licenses: FW.F4.1.28.0,FW.F7.1.17.0,FW.G0.1.6.0,FW.G4.1.6.0,FW.H5.1.3.0,FW.H7.1.11.0,FW.L4.1.18.0,FW.L5.1.5.0,FW.U5.1.6.0,FW.WB.1.20.0
2026-09-04 22:20:30,720 DEBUG [LineInfo_to_exitCode.log_LineInfo] 2026-09-04 22:20:30,719 [INFO] PluginManage:359 - Loaded plugin analytics (category:tool,tabindex:-1)
2026-09-04 22:20:30,720 DEBUG [LineInfo_to_exitCode.log_LineInfo] 2026-09-04 22:20:30,720 [INFO] PluginManage:310 - Check plugin cadmodel
2026-09-04 22:20:30,737 DEBUG [LineInfo_to_exitCode.log_LineInfo] 2026-09-04 22:20:30,737 [INFO] CADModel:93 - Init CAD model plugin
2026-09-04 22:20:30,737 DEBUG [LineInfo_to_exitCode.log_LineInfo] 2026-09-04 22:20:30,737 [INFO] PluginManage:359 - Loaded plugin cadmodel (category:power,tabindex:5)
2026-09-04 22:20:30,739 DEBUG [LineInfo_to_exitCode.log_LineInfo] 2026-09-04 22:20:30,738 [INFO] PluginManage:310 - Check plugin clock
2026-09-04 22:20:30,759 DEBUG [LineInfo_to_exitCode.log_LineInfo] 2026-09-04 22:20:30,758 [INFO] PluginManage:359 - Loaded plugin clock (category:base,tabindex:2)
2026-09-04 22:20:30,759 DEBUG [LineInfo_to_exitCode.log_LineInfo] 2026-09-04 22:20:30,759 [INFO] PluginManage:310 - Check plugin ddr
2026-09-04 22:20:30,775 DEBUG [LineInfo_to_exitCode.log_LineInfo] 2026-09-04 22:20:30,774 [INFO] PluginManage:359 - Loaded plugin ddr (category:tool,tabindex:6)
2026-09-04 22:20:30,775 DEBUG [LineInfo_to_exitCode.log_LineInfo] 2026-09-04 22:20:30,774 [INFO] PluginManage:310 - Check plugin filemanager
2026-09-04 22:20:30,940 DEBUG [LineInfo_to_exitCode.log_LineInfo] 2026-09-04 22:20:30,940 [INFO] PluginManage:359 - Loaded plugin filemanager (category:base,tabindex:10)
2026-09-04 22:20:30,941 DEBUG [LineInfo_to_exitCode.log_LineInfo] 2026-09-04 22:20:30,940 [INFO] PluginManage:310 - Check plugin ipmanager
2026-09-04 22:20:30,962 DEBUG [LineInfo_to_exitCode.log_LineInfo] 2026-09-04 22:20:30,961 [INFO] PluginManage:359 - Loaded plugin ipmanager (category:base,tabindex:5)
2026-09-04 22:20:30,962 DEBUG [LineInfo_to_exitCode.log_LineInfo] 2026-09-04 22:20:30,961 [INFO] PluginManage:310 - Check plugin lpbam
2026-09-04 22:20:30,978 DEBUG [LineInfo_to_exitCode.log_LineInfo] 2026-09-04 22:20:30,978 [INFO] PluginManage:359 - Loaded plugin lpbam (category:base,tabindex:0)
2026-09-04 22:20:30,979 DEBUG [LineInfo_to_exitCode.log_LineInfo] 2026-09-04 22:20:30,978 [INFO] PluginManage:310 - Check plugin memorymap
2026-09-04 22:20:31,006 DEBUG [LineInfo_to_exitCode.log_LineInfo] 2026-09-04 22:20:31,005 [INFO] PluginManage:359 - Loaded plugin memorymap (category:base,tabindex:4)
2026-09-04 22:20:31,006 DEBUG [LineInfo_to_exitCode.log_LineInfo] 2026-09-04 22:20:31,006 [INFO] PluginManage:310 - Check plugin pinoutandconfiguration
2026-09-04 22:20:31,026 DEBUG [LineInfo_to_exitCode.log_LineInfo] 2026-09-04 22:20:31,025 [INFO] PluginManage:359 - Loaded plugin pinoutandconfiguration (category:base,tabindex:1)
2026-09-04 22:20:31,026 DEBUG [LineInfo_to_exitCode.log_LineInfo] 2026-09-04 22:20:31,026 [INFO] PluginManage:310 - Check plugin pinoutconfig
2026-09-04 22:20:31,301 DEBUG [LineInfo_to_exitCode.log_LineInfo] 2026-09-04 22:20:31,301 [INFO] PluginManage:359 - Loaded plugin pinoutconfig (category:base,tabindex:0)
2026-09-04 22:20:31,302 DEBUG [LineInfo_to_exitCode.log_LineInfo] 2026-09-04 22:20:31,301 [INFO] PluginManage:310 - Check plugin power
2026-09-04 22:20:31,323 DEBUG [LineInfo_to_exitCode.log_LineInfo] 2026-09-04 22:20:31,322 [INFO] PluginManage:359 - Loaded plugin power (category:power,tabindex:4)
2026-09-04 22:20:31,323 DEBUG [LineInfo_to_exitCode.log_LineInfo] 2026-09-04 22:20:31,322 [INFO] PluginManage:310 - Check plugin projectmanager
2026-09-04 22:20:31,393 DEBUG [LineInfo_to_exitCode.log_LineInfo] 2026-09-04 22:20:31,393 [INFO] PluginManage:359 - Loaded plugin projectmanager (category:projectmanager,tabindex:4)
2026-09-04 22:20:31,393 DEBUG [LineInfo_to_exitCode.log_LineInfo] 2026-09-04 22:20:31,393 [INFO] PluginManage:310 - Check plugin rif
2026-09-04 22:20:31,412 DEBUG [LineInfo_to_exitCode.log_LineInfo] 2026-09-04 22:20:31,412 [INFO] PluginManage:359 - Loaded plugin rif (category:base,tabindex:3)
2026-09-04 22:20:31,413 DEBUG [LineInfo_to_exitCode.log_LineInfo] 2026-09-04 22:20:31,412 [INFO] PluginManage:310 - Check plugin thirdparty
2026-09-04 22:20:31,690 DEBUG [LineInfo_to_exitCode.log_LineInfo] 2026-09-04 22:20:31,689 [INFO] PluginManage:359 - Loaded plugin thirdparty (category:base,tabindex:-1)
2026-09-04 22:20:31,690 DEBUG [LineInfo_to_exitCode.log_LineInfo] 2026-09-04 22:20:31,689 [INFO] PluginManage:310 - Check plugin tools
2026-09-04 22:20:31,690 DEBUG [LineInfo_to_exitCode.log_LineInfo] 2026-09-04 22:20:31,690 [INFO] IntegrityCheckThread:86 - entering critical section [integrity check]
2026-09-04 22:20:31,690 DEBUG [LineInfo_to_exitCode.log_LineInfo] 2026-09-04 22:20:31,690 [INFO] ThirdPartyUpdaterWithRetryManager:70 - Updater plugin not ready yet. [1/15]
2026-09-04 22:20:31,700 DEBUG [LineInfo_to_exitCode.log_LineInfo] 2026-09-04 22:20:31,700 [INFO] PluginManage:359 - Loaded plugin tools (category:base,tabindex:7)
2026-09-04 22:20:31,701 DEBUG [LineInfo_to_exitCode.log_LineInfo] 2026-09-04 22:20:31,700 [INFO] PluginManage:310 - Check plugin tutovideos
2026-09-04 22:20:31,769 DEBUG [LineInfo_to_exitCode.log_LineInfo] 2026-09-04 22:20:31,768 [INFO] PluginManage:359 - Loaded plugin tutovideos (category:base,tabindex:-1)
2026-09-04 22:20:31,769 DEBUG [LineInfo_to_exitCode.log_LineInfo] 2026-09-04 22:20:31,769 [INFO] PluginManage:310 - Check plugin updater
2026-09-04 22:20:31,799 DEBUG [LineInfo_to_exitCode.log_LineInfo] 2026-09-04 22:20:31,799 [INFO] PluginManage:359 - Loaded plugin updater (category:base,tabindex:12)
2026-09-04 22:20:31,800 DEBUG [LineInfo_to_exitCode.log_LineInfo] 2026-09-04 22:20:31,799 [INFO] PluginManage:310 - Check plugin usernotification
2026-09-04 22:20:31,818 DEBUG [LineInfo_to_exitCode.log_LineInfo] 2026-09-04 22:20:31,818 [INFO] UserNotification:110 - Init UserNotification plugin
2026-09-04 22:20:31,818 DEBUG [LineInfo_to_exitCode.log_LineInfo] 2026-09-04 22:20:31,818 [INFO] PluginManage:359 - Loaded plugin usernotification (category:base,tabindex:19)
2026-09-04 22:20:31,819 DEBUG [LineInfo_to_exitCode.log_LineInfo] 2026-09-04 22:20:31,819 [INFO] PluginManage:283 - PluginManage : Loaded plugins [18]
2026-09-04 22:20:32,140 DEBUG [LineInfo_to_exitCode.log_LineInfo] 2026-09-04 22:20:32,140 [INFO] PinOutPanel:1500 - setPackage(No Configuration,No Configuration)
2026-09-04 22:20:32,230 DEBUG [LineInfo_to_exitCode.log_LineInfo] 2026-09-04 22:20:32,230 [INFO] CADModel:153 - CPN selected for project level
2026-09-04 22:20:32,230 DEBUG [LineInfo_to_exitCode.log_LineInfo] 2026-09-04 22:20:32,230 [INFO] CADModel:102 - Register for checkConnection events
2026-09-04 22:20:32,256 DEBUG [LineInfo_to_exitCode.log_LineInfo] 2026-09-04 22:20:32,256 [INFO] IPUIPlugin:83 - create IPUIPlugin
2026-09-04 22:20:32,257 DEBUG [LineInfo_to_exitCode.log_LineInfo] 2026-09-04 22:20:32,256 [INFO] PluginManager:220 - loadIPPluginJar : add adc
2026-09-04 22:20:32,267 DEBUG [LineInfo_to_exitCode.log_LineInfo] 2026-09-04 22:20:32,266 [INFO] IPUIPlugin:83 - create IPUIPlugin
2026-09-04 22:20:32,267 DEBUG [LineInfo_to_exitCode.log_LineInfo] 2026-09-04 22:20:32,266 [INFO] PluginManager:220 - loadIPPluginJar : add aes
2026-09-04 22:20:32,278 DEBUG [LineInfo_to_exitCode.log_LineInfo] 2026-09-04 22:20:32,277 [INFO] IPUIPlugin:83 - create IPUIPlugin
2026-09-04 22:20:32,278 DEBUG [LineInfo_to_exitCode.log_LineInfo] 2026-09-04 22:20:32,277 [INFO] PluginManager:220 - loadIPPluginJar : add can
2026-09-04 22:20:32,289 DEBUG [LineInfo_to_exitCode.log_LineInfo] 2026-09-04 22:20:32,288 [INFO] IPUIPlugin:83 - create IPUIPlugin
2026-09-04 22:20:32,289 DEBUG [LineInfo_to_exitCode.log_LineInfo] 2026-09-04 22:20:32,289 [INFO] PluginManager:220 - loadIPPluginJar : add comp
2026-09-04 22:20:32,299 DEBUG [LineInfo_to_exitCode.log_LineInfo] 2026-09-04 22:20:32,299 [INFO] IPUIPlugin:83 - create IPUIPlugin
2026-09-04 22:20:32,299 DEBUG [LineInfo_to_exitCode.log_LineInfo] 2026-09-04 22:20:32,299 [INFO] PluginManager:220 - loadIPPluginJar : add cryp
2026-09-04 22:20:32,312 DEBUG [LineInfo_to_exitCode.log_LineInfo] 2026-09-04 22:20:32,312 [INFO] IPUIPlugin:83 - create IPUIPlugin
2026-09-04 22:20:32,312 DEBUG [LineInfo_to_exitCode.log_LineInfo] 2026-09-04 22:20:32,312 [INFO] PluginManager:220 - loadIPPluginJar : add ddr_ctrl_phy
2026-09-04 22:20:32,324 DEBUG [LineInfo_to_exitCode.log_LineInfo] 2026-09-04 22:20:32,324 [INFO] IPUIPlugin:83 - create IPUIPlugin
2026-09-04 22:20:32,325 DEBUG [LineInfo_to_exitCode.log_LineInfo] 2026-09-04 22:20:32,324 [INFO] PluginManager:220 - loadIPPluginJar : add dfsdm
2026-09-04 22:20:32,338 DEBUG [LineInfo_to_exitCode.log_LineInfo] 2026-09-04 22:20:32,337 [INFO] IPUIPlugin:83 - create IPUIPlugin
2026-09-04 22:20:32,338 DEBUG [LineInfo_to_exitCode.log_LineInfo] 2026-09-04 22:20:32,338 [INFO] PluginManager:220 - loadIPPluginJar : add dma
2026-09-04 22:20:32,349 DEBUG [LineInfo_to_exitCode.log_LineInfo] 2026-09-04 22:20:32,348 [INFO] IPUIPlugin:83 - create IPUIPlugin
2026-09-04 22:20:32,349 DEBUG [LineInfo_to_exitCode.log_LineInfo] 2026-09-04 22:20:32,349 [INFO] PluginManager:220 - loadIPPluginJar : add dma3
2026-09-04 22:20:32,360 DEBUG [LineInfo_to_exitCode.log_LineInfo] 2026-09-04 22:20:32,358 [INFO] IPUIPlugin:83 - create IPUIPlugin
2026-09-04 22:20:32,360 DEBUG [LineInfo_to_exitCode.log_LineInfo] 2026-09-04 22:20:32,358 [INFO] PluginManager:220 - loadIPPluginJar : add extmemmanager
2026-09-04 22:20:32,369 DEBUG [LineInfo_to_exitCode.log_LineInfo] 2026-09-04 22:20:32,369 [INFO] IPUIPlugin:83 - create IPUIPlugin
2026-09-04 22:20:32,369 DEBUG [LineInfo_to_exitCode.log_LineInfo] 2026-09-04 22:20:32,369 [INFO] PluginManager:220 - loadIPPluginJar : add fatfs
2026-09-04 22:20:32,381 DEBUG [LineInfo_to_exitCode.log_LineInfo] 2026-09-04 22:20:32,381 [INFO] IPUIPlugin:83 - create IPUIPlugin
2026-09-04 22:20:32,381 DEBUG [LineInfo_to_exitCode.log_LineInfo] 2026-09-04 22:20:32,381 [INFO] PluginManager:220 - loadIPPluginJar : add fmc
2026-09-04 22:20:32,396 DEBUG [LineInfo_to_exitCode.log_LineInfo] 2026-09-04 22:20:32,396 [INFO] IPUIPlugin:83 - create IPUIPlugin
2026-09-04 22:20:32,397 DEBUG [LineInfo_to_exitCode.log_LineInfo] 2026-09-04 22:20:32,396 [INFO] PluginManager:220 - loadIPPluginJar : add freertos
2026-09-04 22:20:32,407 DEBUG [LineInfo_to_exitCode.log_LineInfo] 2026-09-04 22:20:32,407 [INFO] IPUIPlugin:83 - create IPUIPlugin
2026-09-04 22:20:32,407 DEBUG [LineInfo_to_exitCode.log_LineInfo] 2026-09-04 22:20:32,407 [INFO] PluginManager:220 - loadIPPluginJar : add genericplugin
2026-09-04 22:20:32,418 DEBUG [LineInfo_to_exitCode.log_LineInfo] 2026-09-04 22:20:32,417 [INFO] IPUIPlugin:83 - create IPUIPlugin
2026-09-04 22:20:32,418 DEBUG [LineInfo_to_exitCode.log_LineInfo] 2026-09-04 22:20:32,418 [INFO] PluginManager:220 - loadIPPluginJar : add gfxmmu
2026-09-04 22:20:32,430 DEBUG [LineInfo_to_exitCode.log_LineInfo] 2026-09-04 22:20:32,430 [INFO] IPUIPlugin:83 - create IPUIPlugin
2026-09-04 22:20:32,431 DEBUG [LineInfo_to_exitCode.log_LineInfo] 2026-09-04 22:20:32,430 [INFO] PluginManager:220 - loadIPPluginJar : add gic
2026-09-04 22:20:32,444 DEBUG [LineInfo_to_exitCode.log_LineInfo] 2026-09-04 22:20:32,443 [INFO] IPUIPlugin:83 - create IPUIPlugin
2026-09-04 22:20:32,444 DEBUG [LineInfo_to_exitCode.log_LineInfo] 2026-09-04 22:20:32,444 [INFO] PluginManager:220 - loadIPPluginJar : add gpio
2026-09-04 22:20:32,454 DEBUG [LineInfo_to_exitCode.log_LineInfo] 2026-09-04 22:20:32,454 [INFO] IPUIPlugin:83 - create IPUIPlugin
2026-09-04 22:20:32,454 DEBUG [LineInfo_to_exitCode.log_LineInfo] 2026-09-04 22:20:32,454 [INFO] PluginManager:220 - loadIPPluginJar : add gtzc
2026-09-04 22:20:32,464 DEBUG [LineInfo_to_exitCode.log_LineInfo] 2026-09-04 22:20:32,464 [INFO] IPUIPlugin:83 - create IPUIPlugin
2026-09-04 22:20:32,465 DEBUG [LineInfo_to_exitCode.log_LineInfo] 2026-09-04 22:20:32,464 [INFO] PluginManager:220 - loadIPPluginJar : add hash
2026-09-04 22:20:32,478 DEBUG [LineInfo_to_exitCode.log_LineInfo] 2026-09-04 22:20:32,478 [INFO] IPUIPlugin:83 - create IPUIPlugin
2026-09-04 22:20:32,479 DEBUG [LineInfo_to_exitCode.log_LineInfo] 2026-09-04 22:20:32,478 [INFO] PluginManager:220 - loadIPPluginJar : add hsp_engine
2026-09-04 22:20:32,491 DEBUG [LineInfo_to_exitCode.log_LineInfo] 2026-09-04 22:20:32,490 [INFO] IPUIPlugin:83 - create IPUIPlugin
2026-09-04 22:20:32,491 DEBUG [LineInfo_to_exitCode.log_LineInfo] 2026-09-04 22:20:32,491 [INFO] PluginManager:220 - loadIPPluginJar : add i2c
2026-09-04 22:20:32,501 DEBUG [LineInfo_to_exitCode.log_LineInfo] 2026-09-04 22:20:32,501 [INFO] IPUIPlugin:83 - create IPUIPlugin
2026-09-04 22:20:32,501 DEBUG [LineInfo_to_exitCode.log_LineInfo] 2026-09-04 22:20:32,501 [INFO] PluginManager:220 - loadIPPluginJar : add i2s
2026-09-04 22:20:32,513 DEBUG [LineInfo_to_exitCode.log_LineInfo] 2026-09-04 22:20:32,512 [INFO] IPUIPlugin:83 - create IPUIPlugin
2026-09-04 22:20:32,513 DEBUG [LineInfo_to_exitCode.log_LineInfo] 2026-09-04 22:20:32,513 [INFO] PluginManager:220 - loadIPPluginJar : add i3c
2026-09-04 22:20:32,525 DEBUG [LineInfo_to_exitCode.log_LineInfo] 2026-09-04 22:20:32,525 [INFO] IPUIPlugin:83 - create IPUIPlugin
2026-09-04 22:20:32,525 DEBUG [LineInfo_to_exitCode.log_LineInfo] 2026-09-04 22:20:32,525 [INFO] PluginManager:220 - loadIPPluginJar : add ipddr
2026-09-04 22:20:32,539 DEBUG [LineInfo_to_exitCode.log_LineInfo] 2026-09-04 22:20:32,539 [INFO] IPUIPlugin:83 - create IPUIPlugin
2026-09-04 22:20:32,540 DEBUG [LineInfo_to_exitCode.log_LineInfo] 2026-09-04 22:20:32,539 [INFO] PluginManager:220 - loadIPPluginJar : add linkedlist
2026-09-04 22:20:32,549 DEBUG [LineInfo_to_exitCode.log_LineInfo] 2026-09-04 22:20:32,548 [INFO] IPUIPlugin:83 - create IPUIPlugin
2026-09-04 22:20:32,550 DEBUG [LineInfo_to_exitCode.log_LineInfo] 2026-09-04 22:20:32,549 [INFO] PluginManager:220 - loadIPPluginJar : add lorawan
2026-09-04 22:20:32,561 DEBUG [LineInfo_to_exitCode.log_LineInfo] 2026-09-04 22:20:32,559 [INFO] IPUIPlugin:83 - create IPUIPlugin
2026-09-04 22:20:32,561 DEBUG [LineInfo_to_exitCode.log_LineInfo] 2026-09-04 22:20:32,561 [INFO] PluginManager:220 - loadIPPluginJar : add ltdc
2026-09-04 22:20:32,575 DEBUG [LineInfo_to_exitCode.log_LineInfo] 2026-09-04 22:20:32,575 [INFO] IPUIPlugin:83 - create IPUIPlugin
2026-09-04 22:20:32,575 DEBUG [LineInfo_to_exitCode.log_LineInfo] 2026-09-04 22:20:32,575 [INFO] PluginManager:220 - loadIPPluginJar : add mdma
2026-09-04 22:20:32,587 DEBUG [LineInfo_to_exitCode.log_LineInfo] 2026-09-04 22:20:32,587 [INFO] IPUIPlugin:83 - create IPUIPlugin
2026-09-04 22:20:32,587 DEBUG [LineInfo_to_exitCode.log_LineInfo] 2026-09-04 22:20:32,587 [INFO] PluginManager:220 - loadIPPluginJar : add nvic
2026-09-04 22:20:32,597 DEBUG [LineInfo_to_exitCode.log_LineInfo] 2026-09-04 22:20:32,597 [INFO] IPUIPlugin:83 - create IPUIPlugin
2026-09-04 22:20:32,598 DEBUG [LineInfo_to_exitCode.log_LineInfo] 2026-09-04 22:20:32,597 [INFO] PluginManager:220 - loadIPPluginJar : add opamp
2026-09-04 22:20:32,610 DEBUG [LineInfo_to_exitCode.log_LineInfo] 2026-09-04 22:20:32,609 [INFO] IPUIPlugin:83 - create IPUIPlugin
2026-09-04 22:20:32,610 DEBUG [LineInfo_to_exitCode.log_LineInfo] 2026-09-04 22:20:32,610 [INFO] PluginManager:220 - loadIPPluginJar : add openamp
2026-09-04 22:20:32,623 DEBUG [LineInfo_to_exitCode.log_LineInfo] 2026-09-04 22:20:32,623 [INFO] IPUIPlugin:83 - create IPUIPlugin
2026-09-04 22:20:32,623 DEBUG [LineInfo_to_exitCode.log_LineInfo] 2026-09-04 22:20:32,623 [INFO] PluginManager:220 - loadIPPluginJar : add pdm2pcm
2026-09-04 22:20:32,637 DEBUG [LineInfo_to_exitCode.log_LineInfo] 2026-09-04 22:20:32,637 [INFO] IPUIPlugin:83 - create IPUIPlugin
2026-09-04 22:20:32,639 DEBUG [LineInfo_to_exitCode.log_LineInfo] 2026-09-04 22:20:32,638 [INFO] PluginManager:220 - loadIPPluginJar : add plateformsettings
2026-09-04 22:20:32,648 DEBUG [LineInfo_to_exitCode.log_LineInfo] 2026-09-04 22:20:32,648 [INFO] IPUIPlugin:83 - create IPUIPlugin
2026-09-04 22:20:32,649 DEBUG [LineInfo_to_exitCode.log_LineInfo] 2026-09-04 22:20:32,648 [INFO] PluginManager:220 - loadIPPluginJar : add quadspi
2026-09-04 22:20:32,659 DEBUG [LineInfo_to_exitCode.log_LineInfo] 2026-09-04 22:20:32,659 [INFO] IPUIPlugin:83 - create IPUIPlugin
2026-09-04 22:20:32,660 DEBUG [LineInfo_to_exitCode.log_LineInfo] 2026-09-04 22:20:32,659 [INFO] PluginManager:220 - loadIPPluginJar : add radio
2026-09-04 22:20:32,671 DEBUG [LineInfo_to_exitCode.log_LineInfo] 2026-09-04 22:20:32,670 [INFO] IPUIPlugin:83 - create IPUIPlugin
2026-09-04 22:20:32,671 DEBUG [LineInfo_to_exitCode.log_LineInfo] 2026-09-04 22:20:32,670 [INFO] PluginManager:220 - loadIPPluginJar : add resmgrutility
2026-09-04 22:20:32,681 DEBUG [LineInfo_to_exitCode.log_LineInfo] 2026-09-04 22:20:32,680 [INFO] IPUIPlugin:83 - create IPUIPlugin
2026-09-04 22:20:32,681 DEBUG [LineInfo_to_exitCode.log_LineInfo] 2026-09-04 22:20:32,680 [INFO] PluginManager:220 - loadIPPluginJar : add sai
2026-09-04 22:20:32,694 DEBUG [LineInfo_to_exitCode.log_LineInfo] 2026-09-04 22:20:32,694 [INFO] IPUIPlugin:83 - create IPUIPlugin
2026-09-04 22:20:32,695 DEBUG [LineInfo_to_exitCode.log_LineInfo] 2026-09-04 22:20:32,694 [INFO] PluginManager:220 - loadIPPluginJar : add spi
2026-09-04 22:20:32,708 DEBUG [LineInfo_to_exitCode.log_LineInfo] 2026-09-04 22:20:32,708 [INFO] IPUIPlugin:83 - create IPUIPlugin
2026-09-04 22:20:32,708 DEBUG [LineInfo_to_exitCode.log_LineInfo] 2026-09-04 22:20:32,708 [INFO] PluginManager:220 - loadIPPluginJar : add stm32_wpan
2026-09-04 22:20:32,718 DEBUG [LineInfo_to_exitCode.log_LineInfo] 2026-09-04 22:20:32,717 [INFO] IPUIPlugin:83 - create IPUIPlugin
2026-09-04 22:20:32,718 DEBUG [LineInfo_to_exitCode.log_LineInfo] 2026-09-04 22:20:32,718 [INFO] PluginManager:220 - loadIPPluginJar : add tim
2026-09-04 22:20:32,728 DEBUG [LineInfo_to_exitCode.log_LineInfo] 2026-09-04 22:20:32,728 [INFO] IPUIPlugin:83 - create IPUIPlugin
2026-09-04 22:20:32,728 DEBUG [LineInfo_to_exitCode.log_LineInfo] 2026-09-04 22:20:32,728 [INFO] PluginManager:220 - loadIPPluginJar : add touchsensing
2026-09-04 22:20:32,739 DEBUG [LineInfo_to_exitCode.log_LineInfo] 2026-09-04 22:20:32,738 [INFO] IPUIPlugin:83 - create IPUIPlugin
2026-09-04 22:20:32,739 DEBUG [LineInfo_to_exitCode.log_LineInfo] 2026-09-04 22:20:32,738 [INFO] PluginManager:220 - loadIPPluginJar : add tracer_emb
2026-09-04 22:20:32,748 DEBUG [LineInfo_to_exitCode.log_LineInfo] 2026-09-04 22:20:32,748 [INFO] IPUIPlugin:83 - create IPUIPlugin
2026-09-04 22:20:32,748 DEBUG [LineInfo_to_exitCode.log_LineInfo] 2026-09-04 22:20:32,748 [INFO] PluginManager:220 - loadIPPluginJar : add ts
2026-09-04 22:20:32,759 DEBUG [LineInfo_to_exitCode.log_LineInfo] 2026-09-04 22:20:32,759 [INFO] IPUIPlugin:83 - create IPUIPlugin
2026-09-04 22:20:32,759 DEBUG [LineInfo_to_exitCode.log_LineInfo] 2026-09-04 22:20:32,759 [INFO] PluginManager:220 - loadIPPluginJar : add tsc
2026-09-04 22:20:32,769 DEBUG [LineInfo_to_exitCode.log_LineInfo] 2026-09-04 22:20:32,769 [INFO] IPUIPlugin:83 - create IPUIPlugin
2026-09-04 22:20:32,769 DEBUG [LineInfo_to_exitCode.log_LineInfo] 2026-09-04 22:20:32,769 [INFO] PluginManager:220 - loadIPPluginJar : add ucpd
2026-09-04 22:20:32,779 DEBUG [LineInfo_to_exitCode.log_LineInfo] 2026-09-04 22:20:32,779 [INFO] IPUIPlugin:83 - create IPUIPlugin
2026-09-04 22:20:32,780 DEBUG [LineInfo_to_exitCode.log_LineInfo] 2026-09-04 22:20:32,779 [INFO] PluginManager:220 - loadIPPluginJar : add usart
2026-09-04 22:20:32,790 DEBUG [LineInfo_to_exitCode.log_LineInfo] 2026-09-04 22:20:32,790 [INFO] IPUIPlugin:83 - create IPUIPlugin
2026-09-04 22:20:32,791 DEBUG [LineInfo_to_exitCode.log_LineInfo] 2026-09-04 22:20:32,790 [INFO] PluginManager:220 - loadIPPluginJar : add usbx
2026-09-04 22:20:32,812 DEBUG [LineInfo_to_exitCode.log_LineInfo] 2026-09-04 22:20:32,810 [INFO] Updater:1136 - Updater Version found : 6.18.0
2026-09-04 22:20:32,827 DEBUG [LineInfo_to_exitCode.log_LineInfo] 2026-09-04 22:20:32,827 [INFO] ApplicationProperties:184 - Using Application install path: C:\Users\LH213\AppData\Local\Programs\STM32CubeMX
2026-09-04 22:20:34,434 DEBUG [LineInfo_to_exitCode.log_LineInfo] mx [ERROR] stderr - Sep 04, 2026 10:20:34 PM java.util.prefs.WindowsPreferences <init>
2026-09-04 22:20:34,435 DEBUG [LineInfo_to_exitCode.log_LineInfo] mx [ERROR] stderr - WARNING: Could not open/create prefs root node Software\JavaSoft\Prefs at root 0xffffffff80000002. Windows RegCreateKeyEx(...) returned error code 5.
2026-09-04 22:20:34,697 DEBUG [LineInfo_to_exitCode.log_LineInfo] 2026-09-04 22:20:34,697 [INFO] ThirdPartyUpdaterWithRetryManager:70 - Updater plugin not ready yet. [2/15]
2026-09-04 22:20:34,736 DEBUG [LineInfo_to_exitCode.log_LineInfo] 2026-09-04 22:20:34,736 [INFO] MainUpdater:2878 - connection check result : 10
2026-09-04 22:20:34,736 DEBUG [LineInfo_to_exitCode.log_LineInfo] 2026-09-04 22:20:34,736 [INFO] MainUpdater:287 - Updater Check For Update Now.
2026-09-04 22:20:34,737 DEBUG [LineInfo_to_exitCode.log_LineInfo] 2026-09-04 22:20:34,736 [INFO] MicroXplorer:498 - Change Database Version : DB.6.0.180
2026-09-04 22:20:34,824 DEBUG [LineInfo_to_exitCode.log_LineInfo] 2026-09-04 22:20:34,823 [INFO] RulesReader:64 - Compatibility file has been processed (337 Rules)
2026-09-04 22:20:34,832 DEBUG [LineInfo_to_exitCode.log_LineInfo] 2026-09-04 22:20:34,832 [INFO] RulesReader:64 - Compatibility file has been processed (337 Rules)
2026-09-04 22:20:34,843 DEBUG [LineInfo_to_exitCode.log_LineInfo] 2026-09-04 22:20:34,843 [INFO] CADModel:153 - CPN selected for project level
2026-09-04 22:20:34,844 DEBUG [LineInfo_to_exitCode.log_LineInfo] 2026-09-04 22:20:34,843 [INFO] CADModel:102 - Register for checkConnection events
2026-09-04 22:20:34,978 DEBUG [LineInfo_to_exitCode.log_LineInfo] 2026-09-04 22:20:34,977 [INFO] CheckServerUpdateThread:120 - End of CheckServer Thread
2026-09-04 22:20:35,019 DEBUG [LineInfo_to_exitCode.log_LineInfo] 2026-09-04 22:20:35,019 [INFO] CADModel:153 - CPN selected for project level
2026-09-04 22:20:35,020 DEBUG [LineInfo_to_exitCode.log_LineInfo] 2026-09-04 22:20:35,019 [INFO] CADModel:102 - Register for checkConnection events
2026-09-04 22:20:35,088 DEBUG [LineInfo_to_exitCode.log_LineInfo] 2026-09-04 22:20:35,088 [INFO] HomeAdPanel:117 - Auto-refresh data requested => check proxy status ongoing
2026-09-04 22:20:35,747 DEBUG [LineInfo_to_exitCode.log_LineInfo] 2026-09-04 22:20:35,746 [INFO] ServerAccessManage:452 - Complete download http(s) 200
2026-09-04 22:20:35,747 DEBUG [LineInfo_to_exitCode.log_LineInfo] 2026-09-04 22:20:35,747 [INFO] ServerAccessManage:509 - Download File 
2026-09-04 22:20:35,754 DEBUG [LineInfo_to_exitCode.log_LineInfo] 2026-09-04 22:20:35,753 [INFO] LoadUrlFilesThread:185 - End of LoadServerUrlFiles without Thread
2026-09-04 22:20:35,770 DEBUG [LineInfo_to_exitCode.log_LineInfo] 2026-09-04 22:20:35,769 [INFO] DbMcusAds:53 - JSON generation date=Wed Jul 15 11:44:54 CEST 2026 (1784108694001)
2026-09-04 22:20:35,772 DEBUG [LineInfo_to_exitCode.log_LineInfo] 2026-09-04 22:20:35,771 [INFO] LoadUrlFilesThread:185 - End of LoadServerUrlFiles without Thread
2026-09-04 22:20:35,772 DEBUG [LineInfo_to_exitCode.log_LineInfo] 2026-09-04 22:20:35,772 [INFO] HomeAdPanel:128 - Refresh advertisement image is successful
2026-09-04 22:20:35,820 DEBUG [LineInfo_to_exitCode.log_LineInfo] 2026-09-04 22:20:35,820 [INFO] LoadUrlFilesThread:185 - End of LoadServerUrlFiles without Thread
2026-09-04 22:20:35,853 DEBUG [LineInfo_to_exitCode.log_LineInfo] 2026-09-04 22:20:35,853 [INFO] DetailPanel:341 - Set advertising image to C:/Users/LH213/STM32Cube/Repository/\en.stm32h5cubemxbanner.png
2026-09-04 22:20:36,157 DEBUG [LineInfo_to_exitCode.log_LineInfo] 2026-09-04 22:20:36,156 [INFO] LoadUrlFilesThread:185 - End of LoadServerUrlFiles without Thread
2026-09-04 22:20:36,298 DEBUG [LineInfo_to_exitCode.log_LineInfo] 2026-09-04 22:20:36,297 [INFO] LoadUrlFilesThread:185 - End of LoadServerUrlFiles without Thread
2026-09-04 22:20:36,298 DEBUG [LineInfo_to_exitCode.log_LineInfo] 2026-09-04 22:20:36,298 [INFO] DetailPanel:341 - Set advertising image to C:/Users/LH213/STM32Cube/Repository/\en.stm32h5cubemxbanner.png
2026-09-04 22:20:36,321 DEBUG [LineInfo_to_exitCode.log_LineInfo] 2026-09-04 22:20:36,321 [INFO] ServerAccessManage:452 - Complete download http(s) 200
2026-09-04 22:20:36,322 DEBUG [LineInfo_to_exitCode.log_LineInfo] 2026-09-04 22:20:36,321 [INFO] ServerAccessManage:509 - Download File 
2026-09-04 22:20:36,323 DEBUG [LineInfo_to_exitCode.log_LineInfo] 2026-09-04 22:20:36,323 [INFO] LoadUrlFilesThread:185 - End of LoadServerUrlFiles without Thread
2026-09-04 22:20:36,323 DEBUG [LineInfo_to_exitCode.log_LineInfo] 2026-09-04 22:20:36,323 [INFO] ComparatorMD5DB:85 - Refresh file md5.xml
2026-09-04 22:20:36,682 DEBUG [LineInfo_to_exitCode.log_LineInfo] 2026-09-04 22:20:36,681 [INFO] MainFrame:215 - [MX] HOME_PANEL == 274166490799700
2026-09-04 22:20:36,688 DEBUG [LineInfo_to_exitCode.log_LineInfo] 2026-09-04 22:20:36,687 [INFO] MainFrame:590 - Register for checkConnection events
2026-09-04 22:20:36,688 DEBUG [LineInfo_to_exitCode.log_LineInfo] 2026-09-04 22:20:36,688 [INFO] FastPollingNetworkMonitor:182 - Apply proxy settings
2026-09-04 22:20:36,688 DEBUG [LineInfo_to_exitCode.log_LineInfo] 2026-09-04 22:20:36,688 [INFO] FastPollingNetworkMonitor:201 - Direct internet connection detected
2026-09-04 22:20:36,696 DEBUG [LineInfo_to_exitCode.log_LineInfo] 2026-09-04 22:20:36,696 [INFO] FastPollingNetworkMonitor:158 - Register for checkConnection events
2026-09-04 22:20:36,742 DEBUG [LineInfo_to_exitCode.log_LineInfo] 2026-09-04 22:20:36,742 [INFO] MicroXplorer:468 - Change Database Path : 
2026-09-04 22:20:36,743 DEBUG [LineInfo_to_exitCode.log_LineInfo] 2026-09-04 22:20:36,742 [INFO] MicroXplorer:498 - Change Database Version : DB.6.0.180
2026-09-04 22:20:41,535 DEBUG [LineInfo_to_exitCode.log_LineInfo] 2026-09-04 22:20:41,535 [INFO] ThirdParty:981 - Integrity check success = true
2026-09-04 22:20:41,536 DEBUG [LineInfo_to_exitCode.log_LineInfo] 2026-09-04 22:20:41,535 [INFO] IntegrityCheckThread:100 - exiting critical section [integrity check]
2026-09-04 22:20:41,536 DEBUG [LineInfo_to_exitCode.log_LineInfo] 2026-09-04 22:20:41,535 [INFO] IntegrityCheckThread:103 - End integrity checks thread
2026-09-04 22:20:41,536 DEBUG [LineInfo_to_exitCode.log_LineInfo] 2026-09-04 22:20:41,535 [INFO] ThirdParty:876 - entering critical section [close project]
2026-09-04 22:20:41,537 DEBUG [LineInfo_to_exitCode.log_LineInfo] 2026-09-04 22:20:41,537 [INFO] ThirdParty:886 - exiting critical section [close project]
2026-09-04 22:20:41,539 DEBUG [LineInfo_to_exitCode.log_LineInfo] 2026-09-04 22:20:41,539 [INFO] PinOutPanel:1500 - setPackage(No Configuration,No Configuration)
2026-09-04 22:20:41,568 DEBUG [LineInfo_to_exitCode.log_LineInfo] 2026-09-04 22:20:41,568 [INFO] UtilMem:75 - Begin LoadConfig() Used Memory: 127974016 Bytes (301989888)
2026-09-04 22:20:41,606 DEBUG [LineInfo_to_exitCode.log_LineInfo] 2026-09-04 22:20:41,605 [INFO] MicroXplorer:468 - Change Database Path : 
2026-09-04 22:20:41,606 DEBUG [LineInfo_to_exitCode.log_LineInfo] 2026-09-04 22:20:41,606 [INFO] MicroXplorer:498 - Change Database Version : DB.6.0.180
2026-09-04 22:20:41,606 DEBUG [LineInfo_to_exitCode.log_LineInfo] 2026-09-04 22:20:41,606 [INFO] OpenFileManager:370 - Change cursor
2026-09-04 22:20:41,643 DEBUG [LineInfo_to_exitCode.log_LineInfo] 2026-09-04 22:20:41,643 [INFO] Mcu:2036 - Initializing MCU STM32G071R(6-8-B)Tx STM32G071RBTx 
2026-09-04 22:20:41,963 DEBUG [LineInfo_to_exitCode.log_LineInfo] 2026-09-04 22:20:41,963 [INFO] ApiDb:581 - Connected to CubeFinder SQLite database (C:\Users\LH213\.stmcufinder\plugins\mcufinder\mcu\cube-finder-db.db)
2026-09-04 22:20:42,235 DEBUG [LineInfo_to_exitCode.log_LineInfo] 2026-09-04 22:20:42,234 [INFO] ApiDb:668 - CubeFinder database Data Model version=2.1
2026-09-04 22:20:42,235 DEBUG [LineInfo_to_exitCode.log_LineInfo] 2026-09-04 22:20:42,234 [INFO] ApiDb:669 - CubeFinder database Configuration version=3.0.42
2026-09-04 22:20:42,235 DEBUG [LineInfo_to_exitCode.log_LineInfo] 2026-09-04 22:20:42,235 [INFO] ApiDb:670 - CubeFinder database generation date=2026-08-04 (1785840812)
2026-09-04 22:20:42,235 DEBUG [LineInfo_to_exitCode.log_LineInfo] 2026-09-04 22:20:42,235 [INFO] ApiDb:671 - CubeFinder database FW Pack versions=[FP-ATR-ASTRA1_V2.0.0, FP-SNS-FLIGHT1_V5.1.0, FP-SNS-MOTENV1_V5.1.0, FP-SNS-MOTENVWB1_V1.5.0, FP-SNS-SMARTAG2_V1.2.0, FP-SNS-STBOX1_V2.1.0, STM32Cube_FW_C0_V1.4.1, STM32Cube_FW_F4_V1.28.3, STM32Cube_FW_F7_V1.17.4, STM32Cube_FW_G0_V1.6.3, STM32Cube_FW_G4_V1.6.2, STM32Cube_FW_H5_V1.7.0, STM32Cube_FW_H7RS_V1.3.0, STM32Cube_FW_H7_V1.13.0, STM32Cube_FW_L0_V1.12.2, STM32Cube_FW_L4_V1.18.2, STM32Cube_FW_L5_V1.6.0, STM32Cube_FW_N6_V1.4.0, STM32Cube_FW_U0_V1.3.0, STM32Cube_FW_U3_V1.4.0, STM32Cube_FW_U5_V1.9.0, STM32Cube_FW_WB0_V1.5.0, STM32Cube_FW_WBA_V1.10.0, STM32Cube_FW_WB_V1.24.0, STM32Cube_FW_WL3_V1.5.0, STM32Cube_FW_WL_V1.6.0, X-CUBE-ALGOBUILD_V1.5.0, X-CUBE-ALS_V1.0.2, X-CUBE-AZRTOS-F4_V1.1.0, X-CUBE-AZRTOS-F7_V1.1.0, X-CUBE-AZRTOS-G0_V1.1.0, X-CUBE-AZRTOS-G4_V2.0.0, X-CUBE-AZRTOS-H7RS_V1.3.0, X-CUBE-AZRTOS-H7_V3.5.0, X-CUBE-AZRTOS-L4_V2.0.0, X-CUBE-AZRTOS-L5_V2.0.0, X-CUBE-AZRTOS-WB_V2.0.0, X-CUBE-AZRTOS-WL_V2.0.0, X-CUBE-BLE1_V7.1.0, X-CUBE-BLE2_V3.3.0, X-CUBE-BLEMGR_V4.2.0, X-CUBE-EEPRMA1_V5.2.0, X-CUBE-FREERTOS_V1.6.0, X-CUBE-GNSS1_V7.1.1, X-CUBE-MEMS1_V13.0.0, X-CUBE-NFC4_V3.0.0, X-CUBE-NFC7_V2.0.0, X-CUBE-SFXS2LP1_V4.0.0, X-CUBE-ST67W61_V1.3.0, X-CUBE-SUBG2_V5.0.0, X-CUBE-TOF1_V3.4.3]
2026-09-04 22:20:46,055 DEBUG [LineInfo_to_exitCode.log_LineInfo] 2026-09-04 22:20:46,054 [INFO] ApiDb:240 - Found 1237 in-development CPN: [B-G473E-ZEST1S, B-WB1M-WPAN1, B-WBA5M-WPAN, B-WBA6M-WPAN, B-WL5M-SUBG1, NUCLEO-C031C6, NUCLEO-C051C8, NUCLEO-C071RB, NUCLEO-C092RC, NUCLEO-H503RB, NUCLEO-H533RE, NUCLEO-H553ZG, NUCLEO-H563ZI, NUCLEO-H5E5ZJ, NUCLEO-H7S3L8, NUCLEO-U031R8, NUCLEO-U083RC, NUCLEO-U345RC-Q, NUCLEO-U366RE-Q, NUCLEO-U385RG-Q, NUCLEO-U3C5ZI-Q, NUCLEO-U545RE-Q, NUCLEO-U5A5ZJ-Q, NUCLEO-WB05KZ, NUCLEO-WB07CC, NUCLEO-WB09KE, NUCLEO-WBA25CE1, NUCLEO-WBA52CG, NUCLEO-WBA55CG, NUCLEO-WL3RKB1, NUCLEO-WL3RKB2, NUCLEO-WL43RE1, NUCLEO-WL43RE2, STEVAL-PROTEUS1, STEVAL-SMARTAG2, STEVAL-STWINBX1, STM320518-EVAL, STM32C0116-DK, STM32C011D6Y3TR, STM32C011D6Y6TR, STM32C011F4P3, STM32C011F4P6, STM32C011F4U3, STM32C011F4U6TR, STM32C011F6P3, STM32C011F6P6, STM32C011F6U3, STM32C011F6U6TR, STM32C011J4M3, STM32C011J4M6, STM32C011J6M3, STM32C011J6M6, STM32C0316-DK, STM32C031C4T3, STM32C031C4T6, STM32C031C4U3, STM32C031C4U6, STM32C031C6T3, STM32C031C6T6, STM32C031C6U3, STM32C031C6U6, STM32C031F4P3, STM32C031F4P6, STM32C031F6P3, STM32C031F6P6, STM32C031G4U3, STM32C031G4U6, STM32C031G6U3, STM32C031G6U6, STM32C031K4T3, STM32C031K4T6, STM32C031K4U3, STM32C031K4U6, STM32C031K6T3, STM32C031K6T6, STM32C031K6U3, STM32C031K6U6, STM32C051C6T6, STM32C051C6U6, STM32C051C8T6, STM32C051C8U6, STM32C051D8Y6TR, STM32C051F6P6, STM32C051F8P6, STM32C051G6U6, STM32C051G8U6, STM32C051K6T6, STM32C051K6U6, STM32C051K8T6, STM32C071C8T6, STM32C071C8T6N, STM32C071C8U6, STM32C071C8U6N, STM32C071CBT6, STM32C071CBT6N, STM32C071CBU6, STM32C071CBU6N, STM32C071F8P6, STM32C071F8P6N, STM32C071FBP6, STM32C071FBP6N, STM32C071FBY6TR, STM32C071G8U6, STM32C071G8U6N, STM32C071GBU6, STM32C071GBU6N, STM32C071K8T6, STM32C071K8T6N, STM32C071K8U6, STM32C071K8U6N, STM32C071KBT6, STM32C071KBT6N, STM32C071KBU6, STM32C071KBU6N, STM32C071R8T6, STM32C071R8T6N, STM32C071RBI6N, STM32C071RBT6, STM32C071RBT6N, STM32C091CBT6, STM32C091CBU6, STM32C091CCT6, STM32C091CCU6, STM32C091ECY6TR, STM32C091FBP6, STM32C091FCP6, STM32C091GBU6, STM32C091GCU6, STM32C091KBT6, STM32C091KBU6, STM32C091KCT6, STM32C091KCU6, STM32C091RBT6, STM32C091RCI6, STM32C091RCT6, STM32C092CBT6, STM32C092CBU6, STM32C092CCT6, STM32C092CCU6, STM32C092ECY6TR, STM32C092FBP6, STM32C092FCP6, STM32C092GBU6, STM32C092GCU6, STM32C092KBT6, STM32C092KBU6, STM32C092KCT6, STM32C092KCU6, STM32C092RBT6, STM32C092RCI6, STM32C092RCT6, STM32C531CBT6, STM32C531CBU6, STM32C531CCT6, STM32C531CCU6, STM32C531EBU6, STM32C531ECU6, STM32C531FBP6, STM32C531FBU6, STM32C531FCP6, STM32C531FCU6, STM32C531GBU6, STM32C531GCU6, STM32C531KBT6, STM32C531KBU6, STM32C531KCT6, STM32C531KCU6, STM32C531RBT6, STM32C531RCT6, STM32C532CBT6, STM32C532CBU6, STM32C532CCT6, STM32C532CCU6, STM32C532EBU6, STM32C532ECU6, STM32C532FBP6, STM32C532FBU6, STM32C532FCP6, STM32C532FCU6, STM32C532GBU6, STM32C532GCU6, STM32C532KBT6, STM32C532KBU6, STM32C532KCT6, STM32C532KCU6, STM32C532RBT6, STM32C532RCT6, STM32C542CCT6, STM32C542CCU6, STM32C542ECU6, STM32C542FCP6, STM32C542FCU6, STM32C542GCU6, STM32C542KCT6, STM32C542KCU6, STM32C542RCT6, STM32C591CET6, STM32C591CEU6, STM32C591CGT6, STM32C591CGU6, STM32C591KET6, STM32C591KEU6, STM32C591KGT6, STM32C591KGU6, STM32C591MET6, STM32C591MGT6, STM32C591RET6, STM32C591RGT6, STM32C591VET6, STM32C591VGT6, STM32C591ZET6, STM32C591ZGT6, STM32C593CET6, STM32C593CEU6, STM32C593CGT6, STM32C593CGU6, STM32C593KET6, STM32C593KEU6, STM32C593KGT6, STM32C593KGU6, STM32C593MET6, STM32C593MGT6, STM32C593RET6, STM32C593RGT6, STM32C593VET6, STM32C593VGT6, STM32C593ZET6, STM32C593ZGT6, STM32C5A3CGT6, STM32C5A3CGU6, STM32C5A3KGT6, STM32C5A3KGU6, STM32C5A3MGT6, STM32C5A3RGT6, STM32C5A3VGT6, STM32C5A3ZGT6, STM32F723RCV6, STM32F723REV6, STM32G071K8TXN, STM32G071K8UXN, STM32G081GBU6N, STM32G081KBT6N, STM32G081KBUXN, STM32G0B1CCT6N, STM32G0B1KCT6, STM32G0B1NEY6TR, STM32G0B1RCT6N, STM32G0C1CCT6, STM32G0C1CCT6N, STM32G0C1CCU6N, STM32G0C1CET6N, STM32G0C1CEU6N, STM32G0C1KCT6, STM32G0C1NEY6TR, STM32G0C1RCI6N, STM32G0C1RCT6N, STM32G0C1REI6N, STM32G0C1RET6N, STM32G0C1VCI6, STM32G0C1VEI6, STM32G411C6T3, STM32G411C6T6, STM32G411C6U3, STM32G411C6U6, STM32G411C8T3, STM32G411C8T6, STM32G411C8U3, STM32G411C8U6, STM32G411CBT3, STM32G411CBT6, STM32G411CBU3, STM32G411CBU6, STM32G411CCT3, STM32G411CCT6, STM32G411CCU3, STM32G411CCU6, STM32G411K6T3, STM32G411K6T6, STM32G411K6U3, STM32G411K6U6, STM32G411K8T3, STM32G411K8T6, STM32G411K8U3, STM32G411K8U6, STM32G411KBT3, STM32G411KBT6, STM32G411KBU3, STM32G411KBU6, STM32G411M6T3, STM32G411M6T6, STM32G411M8T3, STM32G411M8T6, STM32G411MBT3, STM32G411MBT6, STM32G411MCT3, STM32G411MCT6, STM32G411R6T3, STM32G411R6T6, STM32G411R8T3, STM32G411R8T6, STM32G411RBT3, STM32G411RBT6, STM32G411RCT3, STM32G411RCT6, STM32G414CBT3, STM32G414CBT6, STM32G414CBU3, STM32G414CBU6, STM32G414CCT3, STM32G414CCT6, STM32G414CCU3, STM32G414CCU6, STM32G414MBT3, STM32G414MBT6, STM32G414MCT3, STM32G414MCT6, STM32G414RBT3, STM32G414RBT6, STM32G414RCT3, STM32G414RCT6, STM32G414VBT3, STM32G414VBT6, STM32G414VCT3, STM32G414VCT6, STM32G431CBT3Z, STM32G431RBT3Z, STM32G471CCT6, STM32G471CCU6, STM32G471CET3, STM32G471CET6, STM32G471CEU3, STM32G471CEU6, STM32G471MCT6, STM32G471MET3, STM32G471MET6, STM32G471MEY6TR, STM32G471QCT6, STM32G471QET3, STM32G471RCT6, STM32G471RET3, STM32G471RET6, STM32G471VCH6, STM32G471VCI6, STM32G471VCT6, STM32G471VEH3, STM32G471VEH6, STM32G471VEI3, STM32G471VEI6, STM32G471VET3, STM32G471VET6, STM32G473QET3Z, STM32G473RET3Z, STM32G474CCT6, STM32G491CET3Z, STM32G491RET3Z, STM32H503CBT6, STM32H503CBU6, STM32H503EBY6TR, STM32H503KBU6, STM32H503RBT6, STM32H523CCT6, STM32H523CCU6, STM32H523CET6, STM32H523CEU6, STM32H523HEY6TR, STM32H523RCT6, STM32H523RET6, STM32H523VCI6, STM32H523VCT6, STM32H523VEI6, STM32H523VET6, STM32H523ZCJ6, STM32H523ZCT6, STM32H523ZEJ6, STM32H523ZET6, STM32H533CET6, STM32H533CEU6, STM32H533HEY6TR, STM32H533RET6, STM32H533VEI6, STM32H533VET6, STM32H533ZEJ6, STM32H533ZET6, STM32H543CET6, STM32H543CEU6, STM32H543CGT6, STM32H543CGU6, STM32H543RET6, STM32H543RGT6, STM32H543UGY6TR, STM32H543VEI6, STM32H543VET6, STM32H543VEZ3, STM32H543VGI6, STM32H543VGT6, STM32H543VGZ3, STM32H543ZEJ6, STM32H543ZET6, STM32H543ZEZ3, STM32H543ZGJ6, STM32H543ZGT6, STM32H543ZGZ3, STM32H553CGT6, STM32H553CGU6, STM32H553RGT6, STM32H553UGY6TR, STM32H553VGI6, STM32H553VGT6, STM32H553VGZ3, STM32H553ZGJ6, STM32H553ZGT6, STM32H553ZGZ3, STM32H562AGI6, STM32H562AII6, STM32H562IGK6, STM32H562IGT6, STM32H562IIK6, STM32H562IIT6, STM32H562RGT6, STM32H562RGV6, STM32H562RIT6, STM32H562RIV6, STM32H562VGT6, STM32H562VIT6, STM32H562ZGT6, STM32H562ZIT6, STM32H563AGI6, STM32H563AII3Q, STM32H563AII6, STM32H563IGK6, STM32H563IGT6, STM32H563IIK3Q, STM32H563IIK6, STM32H563IIT3Q, STM32H563IIT6, STM32H563MIY3QTR, STM32H563RGT6, STM32H563RGV6, STM32H563RIT6, STM32H563RIV6, STM32H563VGT6, STM32H563VIT3Q, STM32H563VIT6, STM32H563ZGT6, STM32H563ZIT3Q, STM32H563ZIT6, STM32H573AII3Q, STM32H573AII6, STM32H573I-DK, STM32H573IIK3Q, STM32H573IIK6, STM32H573IIT3Q, STM32H573IIT6, STM32H573MIY3QTR, STM32H573RIT6, STM32H573RIV6, STM32H573VIT3Q, STM32H573VIT6, STM32H573ZIT3Q, STM32H573ZIT6, STM32H5E4AJI6, STM32H5E4AJI7Q, STM32H5E4AKI6, STM32H5E4IJK6, STM32H5E4IJK7Q, STM32H5E4IJT6, STM32H5E4IJT7Q, STM32H5E4IKK6, STM32H5E4IKT6, STM32H5E4VJT6, STM32H5E4VJT7Q, STM32H5E4VKT6, STM32H5E4ZJJ6, STM32H5E4ZJJ7Q, STM32H5E4ZJT6, STM32H5E4ZJT7Q, STM32H5E4ZKJ6, STM32H5E4ZKT6, STM32H5E5IJK7Q, STM32H5E5IJT7Q, STM32H5E5IKK7Q, STM32H5E5IKT7Q, STM32H5E5LJH7Q, STM32H5E5LKH7Q, STM32H5E5VJY7QTR, STM32H5E5VKY7QTR, STM32H5E5ZJT6, STM32H5E5ZKT6, STM32H5F4AJI6, STM32H5F4AJI7Q, STM32H5F4IJK6, STM32H5F4IJK7Q, STM32H5F4IJT6, STM32H5F4IJT7Q, STM32H5F4VJT6, STM32H5F4VJT7Q, STM32H5F4ZJJ6, STM32H5F4ZJJ7Q, STM32H5F4ZJT6, STM32H5F4ZJT7Q, STM32H5F5IJK7Q, STM32H5F5IJT7Q, STM32H5F5J-DK, STM32H5F5LJH7Q, STM32H5F5VJY7QTR, STM32H5F5ZJT6, STM32H7R3A8I6, STM32H7R3I8K6, STM32H7R3I8T6, STM32H7R3L8H6, STM32H7R3L8H6H, STM32H7R3R8V6, STM32H7R3V8H6, STM32H7R3V8T6, STM32H7R3V8Y6TR, STM32H7R3Z8J6, STM32H7R3Z8T6, STM32H7R7A8I6, STM32H7R7I8K6, STM32H7R7I8T6, STM32H7R7L8H6, STM32H7R7L8H6H, STM32H7R7Z8J6, STM32H7S3A8I6, STM32H7S3I8K6, STM32H7S3I8T6, STM32H7S3L8H6, STM32H7S3L8H6H, STM32H7S3R8V6, STM32H7S3V8H6, STM32H7S3V8T6, STM32H7S3V8Y6TR, STM32H7S3Z8J6, STM32H7S3Z8T6, STM32H7S78-DK, STM32H7S7A8I6, STM32H7S7I8K6, STM32H7S7I8T6, STM32H7S7L8H6, STM32H7S7L8H6H, STM32H7S7Z8J6, STM32L4R5QGI6STR, STM32MP131AAE3, STM32MP131AAF3, STM32MP131AAG3, STM32MP131CAE3, STM32MP131CAF3, STM32MP131CAG3, STM32MP131DAE7, STM32MP131DAF7, STM32MP131DAG7, STM32MP131FAE7, STM32MP131FAF7, STM32MP131FAG7, STM32MP133AAE3, STM32MP133AAF3, STM32MP133AAG3, STM32MP133CAE3, STM32MP133CAF3, STM32MP133CAG3, STM32MP133DAE7, STM32MP133DAF7, STM32MP133DAG7, STM32MP133FAE7, STM32MP133FAF7, STM32MP133FAG7, STM32MP135AAE3, STM32MP135AAF3, STM32MP135AAG3, STM32MP135CAE3, STM32MP135CAF3, STM32MP135CAG3, STM32MP135DAE7, STM32MP135DAF7, STM32MP135DAG7, STM32MP135F-DK, STM32MP135FAE7, STM32MP135FAF7, STM32MP135FAF7T, STM32MP135FAF7U, STM32MP135FAG7, STM32MP211AAL3, STM32MP211AAM3, STM32MP211AAN3, STM32MP211AAO3, STM32MP211CAL3, STM32MP211CAM3, STM32MP211CAN3, STM32MP211CAO3, STM32MP211DAL3, STM32MP211DAM3, STM32MP211DAN3, STM32MP211DAO3, STM32MP211FAL3, STM32MP211FAM3, STM32MP211FAN3, STM32MP211FAO3, STM32MP213AAL3, STM32MP213AAM3, STM32MP213AAN3, STM32MP213AAO3, STM32MP213CAL3, STM32MP213CAM3, STM32MP213CAN3, STM32MP213CAO3, STM32MP213DAL3, STM32MP213DAM3, STM32MP213DAN3, STM32MP213DAO3, STM32MP213FAL3, STM32MP213FAM3, STM32MP213FAN3, STM32MP213FAO3, STM32MP215AAL3, STM32MP215AAM3, STM32MP215AAN3, STM32MP215AAO3, STM32MP215CAL3, STM32MP215CAM3, STM32MP215CAN3, STM32MP215CAO3, STM32MP215DAL3, STM32MP215DAM3, STM32MP215DAN3, STM32MP215DAO3, STM32MP215F-DK, STM32MP215FAL3, STM32MP215FAM3, STM32MP215FAN3, STM32MP215FAO3, STM32MP251AAI3, STM32MP251AAJ3, STM32MP251AAK3, STM32MP251AAL3, STM32MP251CAI3, STM32MP251CAJ3, STM32MP251CAK3, STM32MP251CAL3, STM32MP251DAI3, STM32MP251DAJ3, STM32MP251DAK3, STM32MP251DAL3, STM32MP251FAI3, STM32MP251FAJ3, STM32MP251FAK3, STM32MP251FAL3, STM32MP253AAI3, STM32MP253AAJ3, STM32MP253AAK3, STM32MP253AAL3, STM32MP253CAI3, STM32MP253CAJ3, STM32MP253CAK3, STM32MP253CAL3, STM32MP253DAI3, STM32MP253DAJ3, STM32MP253DAK3, STM32MP253DAL3, STM32MP253FAI3, STM32MP253FAJ3, STM32MP253FAK3, STM32MP253FAL3, STM32MP255AAI3, STM32MP255AAJ3, STM32MP255AAK3, STM32MP255AAL3, STM32MP255CAI3, STM32MP255CAJ3, STM32MP255CAK3, STM32MP255CAL3, STM32MP255DAI3, STM32MP255DAJ3, STM32MP255DAK3, STM32MP255DAL3, STM32MP255FAI3, STM32MP255FAJ3, STM32MP255FAK3, STM32MP255FAL3, STM32MP257AAI3, STM32MP257AAJ3, STM32MP257AAK3, STM32MP257AAL3, STM32MP257CAI3, STM32MP257CAJ3, STM32MP257CAK3, STM32MP257CAL3, STM32MP257DAI3, STM32MP257DAJ3, STM32MP257DAK3, STM32MP257DAL3, STM32MP257F-DK, STM32MP257F-EV1, STM32MP257FAI3, STM32MP257FAJ3, STM32MP257FAK3, STM32MP257FAL3, STM32N645A0H3Q, STM32N645A0H3QG, STM32N645B0H3Q, STM32N645I0H3Q, STM32N645L0H3Q, STM32N645X0H3Q, STM32N645Z0H3Q, STM32N647A0H3Q, STM32N647A0H3QG, STM32N655A0H3Q, STM32N655A0H3QG, STM32N655B0H3Q, STM32N655I0H3Q, STM32N655L0H3Q, STM32N655X0H3Q, STM32N655Z0H3Q, STM32U031C6T6, STM32U031C6U6, STM32U031C8T6, STM32U031C8U6, STM32U031F4P6, STM32U031F6P6, STM32U031F8P6, STM32U031G6Y6TR, STM32U031G8Y6TR, STM32U031K4U6, STM32U031K6U6, STM32U031K8U6, STM32U031R6I6, STM32U031R6T6, STM32U031R8I6, STM32U031R8T6, STM32U073C8T6, STM32U073C8U6, STM32U073CBT6, STM32U073CBU6, STM32U073CCT6, STM32U073CCU6, STM32U073H8Y6TR, STM32U073HBY6TR, STM32U073HCY6TR, STM32U073K8U6, STM32U073KBU6, STM32U073KCU6, STM32U073M8I6, STM32U073M8T6, STM32U073MBI6, STM32U073MBT6, STM32U073MCI6, STM32U073MCT6, STM32U073R8I6, STM32U073R8T6, STM32U073RBI6, STM32U073RBT6, STM32U073RCI6, STM32U073RCT6, STM32U083C-DK, STM32U083CCT6, STM32U083CCU6, STM32U083HCY6TR, STM32U083KCU6, STM32U083MCI6, STM32U083MCT6, STM32U083RCI6, STM32U083RCT6, STM32U335CBT6, STM32U335CBT6Q, STM32U335CBU6, STM32U335CBU6Q, STM32U335CBY6QTR, STM32U335CCT6, STM32U335CCT6Q, STM32U335CCU6, STM32U335CCU6Q, STM32U335CCY6QTR, STM32U335KBU6, STM32U335KBY6QTR, STM32U335KCU6, STM32U335KCY6QTR, STM32U335RBI6, STM32U335RBI6Q, STM32U335RBT6, STM32U335RBT6Q, STM32U335RCI6, STM32U335RCI6Q, STM32U335RCT6, STM32U335RCT6Q, STM32U345CCT6, STM32U345CCT6Q, STM32U345CCU6, STM32U345CCU6Q, STM32U345CCY6QTR, STM32U345KCU6, STM32U345KCY6QTR, STM32U345RCI6, STM32U345RCI6Q, STM32U345RCT6, STM32U345RCT6Q, STM32U356CCT6, STM32U356CCT6Q, STM32U356CCU6, STM32U356CCU6Q, STM32U356CCY6QTR, STM32U356CET6, STM32U356CET6Q, STM32U356CEU6, STM32U356CEU6Q, STM32U356CEY6QTR, STM32U356KCU6, STM32U356KEU6, STM32U356RCI6, STM32U356RCI6Q, STM32U356RCT6, STM32U356RCT6Q, STM32U356RCY6QTR, STM32U356REI6, STM32U356REI6Q, STM32U356RET6, STM32U356RET6Q, STM32U356REY6QTR, STM32U356VCI6, STM32U356VCI6Q, STM32U356VCT6, STM32U356VCT6Q, STM32U356VEI6, STM32U356VEI6Q, STM32U356VET6, STM32U356VET6Q, STM32U366CET6, STM32U366CET6Q, STM32U366CEU6, STM32U366CEU6Q, STM32U366CEY6QTR, STM32U366E-DK, STM32U366KEU6, STM32U366REI6, STM32U366REI6Q, STM32U366RET6, STM32U366RET6Q, STM32U366REY6QTR, STM32U366VEI6, STM32U366VEI6Q, STM32U366VET6, STM32U366VET6Q, STM32U375CET6, STM32U375CET6Q, STM32U375CEU6, STM32U375CEU6Q, STM32U375CEY6QTR, STM32U375CGT6, STM32U375CGT6Q, STM32U375CGU6, STM32U375CGU6Q, STM32U375CGY6QTR, STM32U375KEU6, STM32U375KGU6, STM32U375REI6, STM32U375REI6Q, STM32U375RET6, STM32U375RET6Q, STM32U375REY6GTR, STM32U375REY6QTR, STM32U375RGI6Q, STM32U375RGT6Q, STM32U375RGY6GTR, STM32U375RGY6QTR, STM32U375VEI6, STM32U375VEI6Q, STM32U375VET6, STM32U375VET6Q, STM32U375VGI6Q, STM32U375VGT6Q, STM32U385CGT6, STM32U385CGT6Q, STM32U385CGU6, STM32U385CGU6Q, STM32U385CGY6QTR, STM32U385KGU6, STM32U385RGI6, STM32U385RGI6Q, STM32U385RGT6, STM32U385RGT6Q, STM32U385RGY6GTR, STM32U385RGY6QTR, STM32U385VGI6, STM32U385VGI6Q, STM32U385VGT6, STM32U385VGT6Q, STM32U3B5CGT6, STM32U3B5CGT6Q, STM32U3B5CGU6, STM32U3B5CGU6Q, STM32U3B5CIT6, STM32U3B5CIT6Q, STM32U3B5CIU6, STM32U3B5CIU6Q, STM32U3B5JGY6QTR, STM32U3B5JIY6QTR, STM32U3B5QGI6, STM32U3B5QGI6Q, STM32U3B5QII6, STM32U3B5QII6Q, STM32U3B5RGT6, STM32U3B5RGT6Q, STM32U3B5RIT6, STM32U3B5RIT6Q, STM32U3B5VGT6, STM32U3B5VGT6Q, STM32U3B5VGY6QTR, STM32U3B5VIT6, STM32U3B5VIT6Q, STM32U3B5VIY6QTR, STM32U3B5WGY6QTR, STM32U3B5WIY6QTR, STM32U3B5ZGT6, STM32U3B5ZGT6Q, STM32U3B5ZIT6, STM32U3B5ZIT6Q, STM32U3C5CIT6, STM32U3C5CIT6Q, STM32U3C5CIU6, STM32U3C5CIU6Q, STM32U3C5JIY6QTR, STM32U3C5QII6, STM32U3C5QII6Q, STM32U3C5RIT6, STM32U3C5RIT6Q, STM32U3C5VIT6, STM32U3C5VIT6Q, STM32U3C5VIY6QTR, STM32U3C5WIY6QTR, STM32U3C5ZIT6, STM32U3C5ZIT6Q, STM32U535CBT6, STM32U535CBT6Q, STM32U535CBU6, STM32U535CBU6Q, STM32U535CCT6, STM32U535CCT6Q, STM32U535CCU6, STM32U535CCU6Q, STM32U535CET6, STM32U535CET6Q, STM32U535CEU6, STM32U535CEU6Q, STM32U535JEY6QTR, STM32U535NCY6QTR, STM32U535NEY6QTR, STM32U535RBI6, STM32U535RBI6Q, STM32U535RBT6, STM32U535RBT6Q, STM32U535RCI6, STM32U535RCI6Q, STM32U535RCT6, STM32U535RCT6Q, STM32U535REI6, STM32U535REI6Q, STM32U535RET6, STM32U535RET6Q, STM32U535VCI6, STM32U535VCI6Q, STM32U535VCT6, STM32U535VCT6Q, STM32U535VEI6, STM32U535VEI6Q, STM32U535VET6, STM32U535VET6Q, STM32U545CET6, STM32U545CET6Q, STM32U545CEU6, STM32U545CEU6Q, STM32U545JEY6QTR, STM32U545NEY6QTR, STM32U545REI6, STM32U545REI6Q, STM32U545RET6, STM32U545RET6Q, STM32U545VEI6, STM32U545VEI6Q, STM32U545VET6, STM32U545VET6Q, STM32U595AIH6, STM32U595AIH6Q, STM32U595AJH6, STM32U595AJH6Q, STM32U595QII6, STM32U595QII6Q, STM32U595QJI6, STM32U595QJI6Q, STM32U595RIT6, STM32U595RIT6Q, STM32U595RJT6, STM32U595RJT6Q, STM32U595VIT6, STM32U595VIT6Q, STM32U595VJT6, STM32U595VJT6Q, STM32U595ZIT6, STM32U595ZIT6Q, STM32U595ZIY6QTR, STM32U595ZJT6, STM32U595ZJT6Q, STM32U595ZJY6QTR, STM32U599BJY6QTR, STM32U599NIH6Q, STM32U599NJH6Q, STM32U599VIT6Q, STM32U599VJT6, STM32U599VJT6Q, STM32U599ZIT6Q, STM32U599ZIY6QTR, STM32U599ZJT6Q, STM32U599ZJY6QTR, STM32U5A5AJH6, STM32U5A5AJH6Q, STM32U5A5QII3Q, STM32U5A5QJI6, STM32U5A5QJI6Q, STM32U5A5RJT6, STM32U5A5RJT6Q, STM32U5A5VJT6, STM32U5A5VJT6Q, STM32U5A5ZJT6, STM32U5A5ZJT6Q, STM32U5A5ZJY6QTR, STM32U5A9BJY6QTR, STM32U5A9J-DK, STM32U5A9NJH6Q, STM32U5A9VJT6Q, STM32U5A9ZJT6Q, STM32U5A9ZJY6QTR, STM32U5F7VIT6, STM32U5F7VIT6Q, STM32U5F7VJT6, STM32U5F7VJT6Q, STM32U5F9BJY6QTR, STM32U5F9NJH6Q, STM32U5F9VIT6Q, STM32U5F9VJT6Q, STM32U5F9ZIJ6QTR, STM32U5F9ZIT6Q, STM32U5F9ZJJ6QTR, STM32U5F9ZJT6Q, STM32U5G7VJT6, STM32U5G7VJT6Q, STM32U5G9BJY6QTR, STM32U5G9J-DK1, STM32U5G9J-DK2, STM32U5G9NJH6Q, STM32U5G9VJT6Q, STM32U5G9ZJJ6QTR, STM32U5G9ZJT6Q, STM32V863AII3, STM32V863AII6, STM32V863AJI3, STM32V863AJI6, STM32V863IIK3, STM32V863IIK6, STM32V863IIT3, STM32V863IIT6, STM32V863IJK3, STM32V863IJK6, STM32V863IJT3, STM32V863IJT6, STM32V863RIV3, STM32V863RIV6, STM32V863RJV3, STM32V863RJV6, STM32V863VIH3, STM32V863VIH6, STM32V863VIT3, STM32V863VIT6, STM32V863VJH3, STM32V863VJH6, STM32V863VJT3, STM32V863VJT6, STM32V863XIH3, STM32V863XIH6, STM32V863XJH3, STM32V863XJH6, STM32V863ZIT3, STM32V863ZIT6, STM32V863ZJT3, STM32V863ZJT6, STM32V873AII3, STM32V873AII6, STM32V873AJI3, STM32V873AJI6, STM32V873IIK3, STM32V873IIK6, STM32V873IIT3, STM32V873IIT6, STM32V873IJK3, STM32V873IJK6, STM32V873IJT3, STM32V873IJT6, STM32V873RIV3, STM32V873RIV6, STM32V873RJV3, STM32V873RJV6, STM32V873VIH3, STM32V873VIH6, STM32V873VIT3, STM32V873VIT6, STM32V873VJH3, STM32V873VJH6, STM32V873VJT3, STM32V873VJT6, STM32V873XIH3, STM32V873XIH6, STM32V873XJH3, STM32V873XJH6, STM32V873ZIT3, STM32V873ZIT6, STM32V873ZJT3, STM32V873ZJT6, STM32WB05KZV6TR, STM32WB05KZV7TR, STM32WB05TZF6TR, STM32WB05TZF7TR, STM32WB06CCF6TR, STM32WB06CCF7TR, STM32WB06CCV6TR, STM32WB06CCV7TR, STM32WB06KCV6TR, STM32WB06KCV7TR, STM32WB07CCF6TR, STM32WB07CCF7TR, STM32WB07CCV6TR, STM32WB07CCV7TR, STM32WB07KCV6TR, STM32WB07KCV7TR, STM32WB09KEV6TR, STM32WB09KEV7TR, STM32WB09TEF6TR, STM32WB09TEF7TR, STM32WB1MMCH6, STM32WBA23CEU6, STM32WBA23CEU6TR, STM32WBA23CEU7, STM32WBA23CEU7TR, STM32WBA23KEU6, STM32WBA23KEU6TR, STM32WBA23KEU7, STM32WBA23KEU7TR, STM32WBA25CEU6, STM32WBA25CEU6TR, STM32WBA25CEU7, STM32WBA25CEU7TR, STM32WBA25HEF6, STM32WBA25HEF6TR, STM32WBA25HEF7, STM32WBA25HEF7TR, STM32WBA50KGU6, STM32WBA50KGU6TR, STM32WBA52CEU6, STM32WBA52CEU6TR, STM32WBA52CEU7, STM32WBA52CEU7TR, STM32WBA52CGU6, STM32WBA52CGU6TR, STM32WBA52CGU7, STM32WBA52CGU7TR, STM32WBA52KEU6, STM32WBA52KEU6TR, STM32WBA52KGU6, STM32WBA52KGU6TR, STM32WBA54CEU6, STM32WBA54CEU6TR, STM32WBA54CEU7, STM32WBA54CEU7TR, STM32WBA54CGU6, STM32WBA54CGU6TR, STM32WBA54CGU7, STM32WBA54CGU7TR, STM32WBA54KEU6, STM32WBA54KEU6TR, STM32WBA54KEU7, STM32WBA54KEU7TR, STM32WBA54KGU6, STM32WBA54KGU6TR, STM32WBA54KGU7, STM32WBA54KGU7TR, STM32WBA55CEU6, STM32WBA55CEU6TR, STM32WBA55CEU7, STM32WBA55CEU7TR, STM32WBA55CGU6, STM32WBA55CGU6TR, STM32WBA55CGU6U, STM32WBA55CGU7, STM32WBA55CGU7TR, STM32WBA55G-DK1, STM32WBA55HGF6, STM32WBA55HGF7, STM32WBA55UEI6, STM32WBA55UEI6TR, STM32WBA55UEI7, STM32WBA55UEI7TR, STM32WBA55UGI6, STM32WBA55UGI6TR, STM32WBA55UGI7, STM32WBA55UGI7TR, STM32WBA62MGF6, STM32WBA62MIF6, STM32WBA62PII6, STM32WBA65MGF7, STM32WBA65MIF6, STM32WBA65MIF7, STM32WBA6MOIH6, STM32WL30K8V6, STM32WL30KBV6, STM32WL31C8V6, STM32WL31CBV6, STM32WL31K8V6, STM32WL31KBV6, STM32WL33C8V6X, STM32WL33CBV6X, STM32WL33CCV6X, STM32WL33K8V7X, STM32WL33KBV7X, STM32WL33KCV7X, STM32WL3RK8V6, STM32WL3RK8V6X, STM32WL3RKBV6, STM32WL3RKBV6X, STM32WL40CCV6, STM32WL40CEV6, STM32WL41CCV6, STM32WL41CEV6, STM32WL41RCV6, STM32WL41REV6, STM32WL43CCV6, STM32WL43CEV6, STM32WL43E-DK, STM32WL43RCV6, STM32WL43REV6, STM32WL5MOCH6, STM32WL5MOCH6STR, STM32WL5MOCH6TR]
2026-09-04 22:20:46,062 DEBUG [LineInfo_to_exitCode.log_LineInfo] 2026-09-04 22:20:46,061 [INFO] DbMcus:218 - Found 5401 MCUs, 5213 are supported
2026-09-04 22:20:46,062 DEBUG [LineInfo_to_exitCode.log_LineInfo] 2026-09-04 22:20:46,062 [INFO] ApiDb:423 - Load user favorites file C:\Users\LH213/.stm32cubemx/favorites.mcus.txt: 0 item(s)
2026-09-04 22:20:46,063 DEBUG [LineInfo_to_exitCode.log_LineInfo] 2026-09-04 22:20:46,062 [INFO] ApiDb:427 - User favorites MCUs=[]
2026-09-04 22:20:46,063 DEBUG [LineInfo_to_exitCode.log_LineInfo] 2026-09-04 22:20:46,062 [INFO] DbMcus:224 - Set 0 / 0 favorites MCUs
2026-09-04 22:20:46,572 DEBUG [LineInfo_to_exitCode.log_LineInfo] 2026-09-04 22:20:46,570 [INFO] Mcu:2051 - No CPN specified => set CPN to STM32G071RBT3
2026-09-04 22:20:48,853 DEBUG [LineInfo_to_exitCode.log_LineInfo] 2026-09-04 22:20:48,852 [INFO] Context:734 - Trying to add GPIOservice into a context  which must be forbidden
2026-09-04 22:20:50,326 DEBUG [LineInfo_to_exitCode.log_LineInfo] 2026-09-04 22:20:50,326 [INFO] ImportTextPane:234 - (OptionalMessage_ERROR) Unable to find key (Mcu.ThirdPartyNb) in loaded IOC file
2026-09-04 22:20:50,334 DEBUG [LineInfo_to_exitCode.log_LineInfo] 2026-09-04 22:20:50,334 [INFO] ImportTextPane:234 - (OptionalMessage_ERROR) Pin17 (VP_RIF_VS_RIF1) cannot be retrieved for this MCU
2026-09-04 22:20:50,431 DEBUG [LineInfo_to_exitCode.log_LineInfo] 2026-09-04 22:20:50,431 [INFO] RtosManager:552 - Registered RTOS mode: class=CMSIS, group=RTOS, mode=CMSIS_V1, owner=FREERTOS
2026-09-04 22:20:50,432 DEBUG [LineInfo_to_exitCode.log_LineInfo] 2026-09-04 22:20:50,431 [INFO] RtosManager:552 - Registered RTOS mode: class=CMSIS, group=RTOS2, mode=CMSIS_V2, owner=FREERTOS
2026-09-04 22:20:50,432 DEBUG [LineInfo_to_exitCode.log_LineInfo] 2026-09-04 22:20:50,432 [INFO] RtosManager:552 - Registered RTOS mode: class=RTOS, group=Core, mode=CMSIS_V1, owner=FREERTOS
2026-09-04 22:20:50,432 DEBUG [LineInfo_to_exitCode.log_LineInfo] 2026-09-04 22:20:50,432 [INFO] RtosManager:552 - Registered RTOS mode: class=RTOS, group=Core, mode=CMSIS_V2, owner=FREERTOS
2026-09-04 22:20:50,641 DEBUG [LineInfo_to_exitCode.log_LineInfo] 2026-09-04 22:20:50,641 [INFO] ThirdPartyModel:298 - Start build external matchings
2026-09-04 22:20:51,443 DEBUG [LineInfo_to_exitCode.log_LineInfo] 2026-09-04 22:20:51,443 [INFO] ThirdPartyModel:316 - End build external matchings
2026-09-04 22:20:51,463 DEBUG [LineInfo_to_exitCode.log_LineInfo] 2026-09-04 22:20:51,463 [INFO] ImportTextPane:234 - (OptionalMessage_ERROR) IP (ADC1) : Parameter (NbrOfConversionFlag) has invalid value (1)
2026-09-04 22:20:51,464 DEBUG [LineInfo_to_exitCode.log_LineInfo] 2026-09-04 22:20:51,463 [INFO] ImportTextPane:234 - (OptionalMessage_ERROR) IP (ADC1) : Parameter (SamplingTimeCommon2) has invalid value (ADC_SAMPLETIME_3CYCLES_5)
2026-09-04 22:20:51,464 DEBUG [LineInfo_to_exitCode.log_LineInfo] 2026-09-04 22:20:51,463 [INFO] ImportTextPane:234 - (OptionalMessage_ERROR) IP (ADC1) : Invalid parameter (WatchdogChannel)
2026-09-04 22:20:51,472 DEBUG [LineInfo_to_exitCode.log_LineInfo] 2026-09-04 22:20:51,471 [INFO] ImportTextPane:234 - (OptionalMessage_ERROR) IP (MotorControl) : Invalid parameter (BUS_VOLTAGE_READING)
2026-09-04 22:20:51,472 DEBUG [LineInfo_to_exitCode.log_LineInfo] 2026-09-04 22:20:51,472 [INFO] ImportTextPane:234 - (OptionalMessage_ERROR) IP (MotorControl) : Invalid parameter (CCMRAM_ENABLED)
2026-09-04 22:20:51,472 DEBUG [LineInfo_to_exitCode.log_LineInfo] 2026-09-04 22:20:51,472 [INFO] ImportTextPane:234 - (OptionalMessage_ERROR) IP (MotorControl) : Invalid parameter (CLOCK_FREQUENCY)
2026-09-04 22:20:51,472 DEBUG [LineInfo_to_exitCode.log_LineInfo] 2026-09-04 22:20:51,472 [INFO] ImportTextPane:234 - (OptionalMessage_ERROR) IP (MotorControl) : Invalid parameter (CLOCK_SOURCE)
2026-09-04 22:20:51,472 DEBUG [LineInfo_to_exitCode.log_LineInfo] 2026-09-04 22:20:51,472 [INFO] ImportTextPane:234 - (OptionalMessage_ERROR) IP (MotorControl) : Invalid parameter (CPU_CLK_64_MHZ)
2026-09-04 22:20:51,473 DEBUG [LineInfo_to_exitCode.log_LineInfo] 2026-09-04 22:20:51,472 [INFO] ImportTextPane:234 - (OptionalMessage_ERROR) IP (MotorControl) : Invalid parameter (DP_EMERGENCY_STOP_GPIO_PIN)
2026-09-04 22:20:51,473 DEBUG [LineInfo_to_exitCode.log_LineInfo] 2026-09-04 22:20:51,472 [INFO] ImportTextPane:234 - (OptionalMessage_ERROR) IP (MotorControl) : Invalid parameter (DP_EMERGENCY_STOP_GPIO_PORT)
2026-09-04 22:20:51,473 DEBUG [LineInfo_to_exitCode.log_LineInfo] 2026-09-04 22:20:51,472 [INFO] ImportTextPane:234 - (OptionalMessage_ERROR) IP (MotorControl) : Invalid parameter (DRIVE_TYPE)
2026-09-04 22:20:51,473 DEBUG [LineInfo_to_exitCode.log_LineInfo] 2026-09-04 22:20:51,472 [INFO] ImportTextPane:234 - (OptionalMessage_ERROR) IP (MotorControl) : Invalid parameter (DRIVES_NUMBER_SELECTION)
2026-09-04 22:20:51,473 DEBUG [LineInfo_to_exitCode.log_LineInfo] 2026-09-04 22:20:51,472 [INFO] ImportTextPane:234 - (OptionalMessage_ERROR) IP (MotorControl) : Invalid parameter (ENCODER_AVAILABLE)
2026-09-04 22:20:51,473 DEBUG [LineInfo_to_exitCode.log_LineInfo] 2026-09-04 22:20:51,472 [INFO] ImportTextPane:234 - (OptionalMessage_ERROR) IP (MotorControl) : Invalid parameter (ENCODER_PPR)
2026-09-04 22:20:51,473 DEBUG [LineInfo_to_exitCode.log_LineInfo] 2026-09-04 22:20:51,473 [INFO] ImportTextPane:234 - (OptionalMessage_ERROR) IP (MotorControl) : Invalid parameter (EXT_CLOCK_FREQUENCY)
2026-09-04 22:20:51,473 DEBUG [LineInfo_to_exitCode.log_LineInfo] 2026-09-04 22:20:51,473 [INFO] ImportTextPane:234 - (OptionalMessage_ERROR) IP (MotorControl) : Invalid parameter (FLASH_SIZE)
2026-09-04 22:20:51,474 DEBUG [LineInfo_to_exitCode.log_LineInfo] 2026-09-04 22:20:51,473 [INFO] ImportTextPane:234 - (OptionalMessage_ERROR) IP (MotorControl) : Invalid parameter (HALL_SENSORS_AVAILABLE)
2026-09-04 22:20:51,474 DEBUG [LineInfo_to_exitCode.log_LineInfo] 2026-09-04 22:20:51,473 [INFO] ImportTextPane:234 - (OptionalMessage_ERROR) IP (MotorControl) : Invalid parameter (HW_COMPLEMENTED_LOW_SIDE)
2026-09-04 22:20:51,474 DEBUG [LineInfo_to_exitCode.log_LineInfo] 2026-09-04 22:20:51,473 [INFO] ImportTextPane:234 - (OptionalMessage_ERROR) IP (MotorControl) : Invalid parameter (HW_DEAD_TIME_NS)
2026-09-04 22:20:51,474 DEBUG [LineInfo_to_exitCode.log_LineInfo] 2026-09-04 22:20:51,473 [INFO] ImportTextPane:234 - (OptionalMessage_ERROR) IP (MotorControl) : Invalid parameter (HWV_DP)
2026-09-04 22:20:51,474 DEBUG [LineInfo_to_exitCode.log_LineInfo] 2026-09-04 22:20:51,473 [INFO] ImportTextPane:234 - (OptionalMessage_ERROR) IP (MotorControl) : Invalid parameter (HWV_PWM)
2026-09-04 22:20:51,474 DEBUG [LineInfo_to_exitCode.log_LineInfo] 2026-09-04 22:20:51,473 [INFO] ImportTextPane:234 - (OptionalMessage_ERROR) IP (MotorControl) : Invalid parameter (INT_RC_OSC)
2026-09-04 22:20:51,475 DEBUG [LineInfo_to_exitCode.log_LineInfo] 2026-09-04 22:20:51,473 [INFO] ImportTextPane:234 - (OptionalMessage_ERROR) IP (MotorControl) : Invalid parameter (IPs)
2026-09-04 22:20:51,475 DEBUG [LineInfo_to_exitCode.log_LineInfo] 2026-09-04 22:20:51,473 [INFO] ImportTextPane:234 - (OptionalMessage_ERROR) IP (MotorControl) : Invalid parameter (LOW_SIDE_SIGNALS_ENABLING)
2026-09-04 22:20:51,475 DEBUG [LineInfo_to_exitCode.log_LineInfo] 2026-09-04 22:20:51,474 [INFO] ImportTextPane:234 - (OptionalMessage_ERROR) IP (MotorControl) : Invalid parameter (M1_BEMF_THRESHOLD_PWM_HIGH)
2026-09-04 22:20:51,475 DEBUG [LineInfo_to_exitCode.log_LineInfo] 2026-09-04 22:20:51,474 [INFO] ImportTextPane:234 - (OptionalMessage_ERROR) IP (MotorControl) : Invalid parameter (M1_BEMF_THRESHOLD_PWM_LOW)
2026-09-04 22:20:51,475 DEBUG [LineInfo_to_exitCode.log_LineInfo] 2026-09-04 22:20:51,474 [INFO] ImportTextPane:234 - (OptionalMessage_ERROR) IP (MotorControl) : Invalid parameter (M1_DC_CURRENT_RS_MEAS)
2026-09-04 22:20:51,475 DEBUG [LineInfo_to_exitCode.log_LineInfo] 2026-09-04 22:20:51,474 [INFO] ImportTextPane:234 - (OptionalMessage_ERROR) IP (MotorControl) : Invalid parameter (M1_DP_BKIN_FILTER)
2026-09-04 22:20:51,475 DEBUG [LineInfo_to_exitCode.log_LineInfo] 2026-09-04 22:20:51,474 [INFO] ImportTextPane:234 - (OptionalMessage_ERROR) IP (MotorControl) : Invalid parameter (M1_DP_BKIN_MODE)
2026-09-04 22:20:51,476 DEBUG [LineInfo_to_exitCode.log_LineInfo] 2026-09-04 22:20:51,474 [INFO] ImportTextPane:234 - (OptionalMessage_ERROR) IP (MotorControl) : Invalid parameter (M1_DP_BKIN_POLARITY)
2026-09-04 22:20:51,476 DEBUG [LineInfo_to_exitCode.log_LineInfo] 2026-09-04 22:20:51,474 [INFO] ImportTextPane:234 - (OptionalMessage_ERROR) IP (MotorControl) : Invalid parameter (M1_HIGH_SIDE_IDLE_STATE)
2026-09-04 22:20:51,476 DEBUG [LineInfo_to_exitCode.log_LineInfo] 2026-09-04 22:20:51,475 [INFO] ImportTextPane:234 - (OptionalMessage_ERROR) IP (MotorControl) : Invalid parameter (M1_LOW_SIDE_IDLE_STATE)
2026-09-04 22:20:51,476 DEBUG [LineInfo_to_exitCode.log_LineInfo] 2026-09-04 22:20:51,475 [INFO] ImportTextPane:234 - (OptionalMessage_ERROR) IP (MotorControl) : Parameter (M1_PWM_CHARGE_BOOT_CAP_DUTY_CYCLES) has invalid value (0.000)
2026-09-04 22:20:51,476 DEBUG [LineInfo_to_exitCode.log_LineInfo] 2026-09-04 22:20:51,475 [INFO] ImportTextPane:234 - (OptionalMessage_ERROR) IP (MotorControl) : Invalid parameter (M1_PWM_TIMER_BRK_IRQ)
2026-09-04 22:20:51,476 DEBUG [LineInfo_to_exitCode.log_LineInfo] 2026-09-04 22:20:51,476 [INFO] ImportTextPane:234 - (OptionalMessage_ERROR) IP (MotorControl) : Invalid parameter (M1_PWM_TIMER_UP_IRQ)
2026-09-04 22:20:51,476 DEBUG [LineInfo_to_exitCode.log_LineInfo] 2026-09-04 22:20:51,476 [INFO] ImportTextPane:234 - (OptionalMessage_ERROR) IP (MotorControl) : Invalid parameter (M1_SPD_DIFFERENTIAL_TERM_ENABLING)
2026-09-04 22:20:51,480 DEBUG [LineInfo_to_exitCode.log_LineInfo] 2026-09-04 22:20:51,479 [INFO] ImportTextPane:234 - (OptionalMessage_ERROR) IP (MotorControl) : Invalid parameter (MC_WORKBENCH_VERSION)
2026-09-04 22:20:51,480 DEBUG [LineInfo_to_exitCode.log_LineInfo] 2026-09-04 22:20:51,480 [INFO] ImportTextPane:234 - (OptionalMessage_ERROR) IP (MotorControl) : Invalid parameter (MCU)
2026-09-04 22:20:51,480 DEBUG [LineInfo_to_exitCode.log_LineInfo] 2026-09-04 22:20:51,480 [INFO] ImportTextPane:234 - (OptionalMessage_ERROR) IP (MotorControl) : Invalid parameter (MCU_FAMILY)
2026-09-04 22:20:51,480 DEBUG [LineInfo_to_exitCode.log_LineInfo] 2026-09-04 22:20:51,480 [INFO] ImportTextPane:234 - (OptionalMessage_ERROR) IP (MotorControl) : Invalid parameter (MCU_LINE)
2026-09-04 22:20:51,480 DEBUG [LineInfo_to_exitCode.log_LineInfo] 2026-09-04 22:20:51,480 [INFO] ImportTextPane:234 - (OptionalMessage_ERROR) IP (MotorControl) : Invalid parameter (MCU_PACKAGE)
2026-09-04 22:20:51,480 DEBUG [LineInfo_to_exitCode.log_LineInfo] 2026-09-04 22:20:51,480 [INFO] ImportTextPane:234 - (OptionalMessage_ERROR) IP (MotorControl) : Invalid parameter (MCU_TYPE)
2026-09-04 22:20:51,481 DEBUG [LineInfo_to_exitCode.log_LineInfo] 2026-09-04 22:20:51,480 [INFO] ImportTextPane:234 - (OptionalMessage_ERROR) IP (MotorControl) : Invalid parameter (MCU_USERNAME)
2026-09-04 22:20:51,481 DEBUG [LineInfo_to_exitCode.log_LineInfo] 2026-09-04 22:20:51,480 [INFO] ImportTextPane:234 - (OptionalMessage_ERROR) IP (MotorControl) : Invalid parameter (MOTOR_TYPE)
2026-09-04 22:20:51,481 DEBUG [LineInfo_to_exitCode.log_LineInfo] 2026-09-04 22:20:51,480 [INFO] ImportTextPane:234 - (OptionalMessage_ERROR) IP (MotorControl) : Invalid parameter (OV_VOLTAGE_PROT_ENABLING)
2026-09-04 22:20:51,481 DEBUG [LineInfo_to_exitCode.log_LineInfo] 2026-09-04 22:20:51,480 [INFO] ImportTextPane:234 - (OptionalMessage_ERROR) IP (MotorControl) : Invalid parameter (PHASE_U_BEMF_GPIO_PIN)
2026-09-04 22:20:51,481 DEBUG [LineInfo_to_exitCode.log_LineInfo] 2026-09-04 22:20:51,480 [INFO] ImportTextPane:234 - (OptionalMessage_ERROR) IP (MotorControl) : Invalid parameter (PHASE_U_BEMF_GPIO_PORT)
2026-09-04 22:20:51,481 DEBUG [LineInfo_to_exitCode.log_LineInfo] 2026-09-04 22:20:51,480 [INFO] ImportTextPane:234 - (OptionalMessage_ERROR) IP (MotorControl) : Invalid parameter (PHASE_U_PWM_CHANNEL)
2026-09-04 22:20:51,481 DEBUG [LineInfo_to_exitCode.log_LineInfo] 2026-09-04 22:20:51,480 [INFO] ImportTextPane:234 - (OptionalMessage_ERROR) IP (MotorControl) : Invalid parameter (PHASE_UH_GPIO_PIN)
2026-09-04 22:20:51,481 DEBUG [LineInfo_to_exitCode.log_LineInfo] 2026-09-04 22:20:51,480 [INFO] ImportTextPane:234 - (OptionalMessage_ERROR) IP (MotorControl) : Invalid parameter (PHASE_UH_GPIO_PORT)
2026-09-04 22:20:51,482 DEBUG [LineInfo_to_exitCode.log_LineInfo] 2026-09-04 22:20:51,480 [INFO] ImportTextPane:234 - (OptionalMessage_ERROR) IP (MotorControl) : Invalid parameter (PHASE_UL_GPIO_PIN)
2026-09-04 22:20:51,482 DEBUG [LineInfo_to_exitCode.log_LineInfo] 2026-09-04 22:20:51,481 [INFO] ImportTextPane:234 - (OptionalMessage_ERROR) IP (MotorControl) : Invalid parameter (PHASE_UL_GPIO_PORT)
2026-09-04 22:20:51,482 DEBUG [LineInfo_to_exitCode.log_LineInfo] 2026-09-04 22:20:51,481 [INFO] ImportTextPane:234 - (OptionalMessage_ERROR) IP (MotorControl) : Parameter (PHASE_UL_POLARITY) has invalid value (L_ACTIVE_HIGH)
2026-09-04 22:20:51,482 DEBUG [LineInfo_to_exitCode.log_LineInfo] 2026-09-04 22:20:51,481 [INFO] ImportTextPane:234 - (OptionalMessage_ERROR) IP (MotorControl) : Invalid parameter (PHASE_V_BEMF_GPIO_PIN)
2026-09-04 22:20:51,482 DEBUG [LineInfo_to_exitCode.log_LineInfo] 2026-09-04 22:20:51,481 [INFO] ImportTextPane:234 - (OptionalMessage_ERROR) IP (MotorControl) : Invalid parameter (PHASE_V_BEMF_GPIO_PORT)
2026-09-04 22:20:51,482 DEBUG [LineInfo_to_exitCode.log_LineInfo] 2026-09-04 22:20:51,481 [INFO] ImportTextPane:234 - (OptionalMessage_ERROR) IP (MotorControl) : Invalid parameter (PHASE_V_PWM_CHANNEL)
2026-09-04 22:20:51,482 DEBUG [LineInfo_to_exitCode.log_LineInfo] 2026-09-04 22:20:51,481 [INFO] ImportTextPane:234 - (OptionalMessage_ERROR) IP (MotorControl) : Invalid parameter (PHASE_VH_GPIO_PIN)
2026-09-04 22:20:51,483 DEBUG [LineInfo_to_exitCode.log_LineInfo] 2026-09-04 22:20:51,481 [INFO] ImportTextPane:234 - (OptionalMessage_ERROR) IP (MotorControl) : Invalid parameter (PHASE_VH_GPIO_PORT)
2026-09-04 22:20:51,483 DEBUG [LineInfo_to_exitCode.log_LineInfo] 2026-09-04 22:20:51,481 [INFO] ImportTextPane:234 - (OptionalMessage_ERROR) IP (MotorControl) : Invalid parameter (PHASE_VL_GPIO_PIN)
2026-09-04 22:20:51,483 DEBUG [LineInfo_to_exitCode.log_LineInfo] 2026-09-04 22:20:51,481 [INFO] ImportTextPane:234 - (OptionalMessage_ERROR) IP (MotorControl) : Invalid parameter (PHASE_VL_GPIO_PORT)
2026-09-04 22:20:51,483 DEBUG [LineInfo_to_exitCode.log_LineInfo] 2026-09-04 22:20:51,481 [INFO] ImportTextPane:234 - (OptionalMessage_ERROR) IP (MotorControl) : Parameter (PHASE_VL_POLARITY) has invalid value (L_ACTIVE_HIGH)
2026-09-04 22:20:51,484 DEBUG [LineInfo_to_exitCode.log_LineInfo] 2026-09-04 22:20:51,481 [INFO] ImportTextPane:234 - (OptionalMessage_ERROR) IP (MotorControl) : Invalid parameter (PHASE_W_BEMF_GPIO_PIN)
2026-09-04 22:20:51,484 DEBUG [LineInfo_to_exitCode.log_LineInfo] 2026-09-04 22:20:51,481 [INFO] ImportTextPane:234 - (OptionalMessage_ERROR) IP (MotorControl) : Invalid parameter (PHASE_W_BEMF_GPIO_PORT)
2026-09-04 22:20:51,484 DEBUG [LineInfo_to_exitCode.log_LineInfo] 2026-09-04 22:20:51,481 [INFO] ImportTextPane:234 - (OptionalMessage_ERROR) IP (MotorControl) : Invalid parameter (PHASE_W_PWM_CHANNEL)
2026-09-04 22:20:51,484 DEBUG [LineInfo_to_exitCode.log_LineInfo] 2026-09-04 22:20:51,481 [INFO] ImportTextPane:234 - (OptionalMessage_ERROR) IP (MotorControl) : Invalid parameter (PHASE_WH_GPIO_PIN)
2026-09-04 22:20:51,484 DEBUG [LineInfo_to_exitCode.log_LineInfo] 2026-09-04 22:20:51,481 [INFO] ImportTextPane:234 - (OptionalMessage_ERROR) IP (MotorControl) : Invalid parameter (PHASE_WH_GPIO_PORT)
2026-09-04 22:20:51,484 DEBUG [LineInfo_to_exitCode.log_LineInfo] 2026-09-04 22:20:51,481 [INFO] ImportTextPane:234 - (OptionalMessage_ERROR) IP (MotorControl) : Invalid parameter (PHASE_WL_GPIO_PIN)
2026-09-04 22:20:51,484 DEBUG [LineInfo_to_exitCode.log_LineInfo] 2026-09-04 22:20:51,482 [INFO] ImportTextPane:234 - (OptionalMessage_ERROR) IP (MotorControl) : Invalid parameter (PHASE_WL_GPIO_PORT)
2026-09-04 22:20:51,484 DEBUG [LineInfo_to_exitCode.log_LineInfo] 2026-09-04 22:20:51,482 [INFO] ImportTextPane:234 - (OptionalMessage_ERROR) IP (MotorControl) : Parameter (PHASE_WL_POLARITY) has invalid value (L_ACTIVE_HIGH)
2026-09-04 22:20:51,484 DEBUG [LineInfo_to_exitCode.log_LineInfo] 2026-09-04 22:20:51,482 [INFO] ImportTextPane:234 - (OptionalMessage_ERROR) IP (MotorControl) : Invalid parameter (POTENTIOMETER_READING)
2026-09-04 22:20:51,486 DEBUG [LineInfo_to_exitCode.log_LineInfo] 2026-09-04 22:20:51,482 [INFO] ImportTextPane:234 - (OptionalMessage_ERROR) IP (MotorControl) : Invalid parameter (PWM_FREQUENCY)
2026-09-04 22:20:51,486 DEBUG [LineInfo_to_exitCode.log_LineInfo] 2026-09-04 22:20:51,482 [INFO] ImportTextPane:234 - (OptionalMessage_ERROR) IP (MotorControl) : Invalid parameter (PWM_TIMER_SELECTION)
2026-09-04 22:20:51,486 DEBUG [LineInfo_to_exitCode.log_LineInfo] 2026-09-04 22:20:51,482 [INFO] ImportTextPane:234 - (OptionalMessage_ERROR) IP (MotorControl) : Invalid parameter (REGULATION_EXECUTION_RATE)
2026-09-04 22:20:51,486 DEBUG [LineInfo_to_exitCode.log_LineInfo] 2026-09-04 22:20:51,482 [INFO] ImportTextPane:234 - (OptionalMessage_ERROR) IP (MotorControl) : Invalid parameter (SENSORLESS_ADC)
2026-09-04 22:20:51,486 DEBUG [LineInfo_to_exitCode.log_LineInfo] 2026-09-04 22:20:51,482 [INFO] ImportTextPane:234 - (OptionalMessage_ERROR) IP (MotorControl) : Invalid parameter (SINGLEDRIVE)
2026-09-04 22:20:51,486 DEBUG [LineInfo_to_exitCode.log_LineInfo] 2026-09-04 22:20:51,482 [INFO] ImportTextPane:234 - (OptionalMessage_ERROR) IP (MotorControl) : Invalid parameter (SPD_DIFFERENTIAL_TERM_ENABLING)
2026-09-04 22:20:51,486 DEBUG [LineInfo_to_exitCode.log_LineInfo] 2026-09-04 22:20:51,482 [INFO] ImportTextPane:234 - (OptionalMessage_ERROR) IP (MotorControl) : Invalid parameter (SPEED_SENSOR_SELECTION)
2026-09-04 22:20:51,486 DEBUG [LineInfo_to_exitCode.log_LineInfo] 2026-09-04 22:20:51,483 [INFO] ImportTextPane:234 - (OptionalMessage_ERROR) IP (MotorControl) : Invalid parameter (STM32G071RB)
2026-09-04 22:20:51,487 DEBUG [LineInfo_to_exitCode.log_LineInfo] 2026-09-04 22:20:51,483 [INFO] ImportTextPane:234 - (OptionalMessage_ERROR) IP (MotorControl) : Invalid parameter (SW_DEADTIME_NS)
2026-09-04 22:20:51,487 DEBUG [LineInfo_to_exitCode.log_LineInfo] 2026-09-04 22:20:51,483 [INFO] ImportTextPane:234 - (OptionalMessage_ERROR) IP (MotorControl) : Invalid parameter (TEMPERATURE_READING)
2026-09-04 22:20:51,487 DEBUG [LineInfo_to_exitCode.log_LineInfo] 2026-09-04 22:20:51,483 [INFO] ImportTextPane:234 - (OptionalMessage_ERROR) IP (MotorControl) : Invalid parameter (TFDIFFERENTIAL_TERM_ENABLING)
2026-09-04 22:20:51,487 DEBUG [LineInfo_to_exitCode.log_LineInfo] 2026-09-04 22:20:51,483 [INFO] ImportTextPane:234 - (OptionalMessage_ERROR) IP (MotorControl) : Invalid parameter (UV_VOLTAGE_PROT_ENABLING)
2026-09-04 22:20:51,487 DEBUG [LineInfo_to_exitCode.log_LineInfo] 2026-09-04 22:20:51,483 [INFO] ImportTextPane:234 - (OptionalMessage_ERROR) IP (MotorControl) : Invalid parameter (VBUS_ADC)
2026-09-04 22:20:51,487 DEBUG [LineInfo_to_exitCode.log_LineInfo] 2026-09-04 22:20:51,483 [INFO] ImportTextPane:234 - (OptionalMessage_ERROR) IP (MotorControl) : Invalid parameter (VBUS_ADC_SAMPLING_TIME)
2026-09-04 22:20:51,487 DEBUG [LineInfo_to_exitCode.log_LineInfo] 2026-09-04 22:20:51,483 [INFO] ImportTextPane:234 - (OptionalMessage_ERROR) IP (MotorControl) : Invalid parameter (VBUS_CHANNEL)
2026-09-04 22:20:51,487 DEBUG [LineInfo_to_exitCode.log_LineInfo] 2026-09-04 22:20:51,483 [INFO] ImportTextPane:234 - (OptionalMessage_ERROR) IP (MotorControl) : Invalid parameter (VBUS_GPIO_PIN)
2026-09-04 22:20:51,487 DEBUG [LineInfo_to_exitCode.log_LineInfo] 2026-09-04 22:20:51,483 [INFO] ImportTextPane:234 - (OptionalMessage_ERROR) IP (MotorControl) : Invalid parameter (VBUS_GPIO_PORT)
2026-09-04 22:20:51,488 DEBUG [LineInfo_to_exitCode.log_LineInfo] 2026-09-04 22:20:51,484 [INFO] ImportTextPane:234 - (OptionalMessage_ERROR) IP (MotorControl) : Invalid parameter (WB_MX_ADC_AWD_FILTER_NUMBER)
2026-09-04 22:20:51,488 DEBUG [LineInfo_to_exitCode.log_LineInfo] 2026-09-04 22:20:51,484 [INFO] ImportTextPane:234 - (OptionalMessage_ERROR) IP (MotorControl) : Invalid parameter (WB_MX_HEAPSIZE)
2026-09-04 22:20:51,488 DEBUG [LineInfo_to_exitCode.log_LineInfo] 2026-09-04 22:20:51,484 [INFO] ImportTextPane:234 - (OptionalMessage_ERROR) IP (MotorControl) : Invalid parameter (WB_MX_PHASE_U_BEMF_ADC_IRQ)
2026-09-04 22:20:51,488 DEBUG [LineInfo_to_exitCode.log_LineInfo] 2026-09-04 22:20:51,484 [INFO] ImportTextPane:234 - (OptionalMessage_ERROR) IP (MotorControl) : Invalid parameter (WB_MX_PHASE_V_BEMF_ADC_IRQ)
2026-09-04 22:20:51,488 DEBUG [LineInfo_to_exitCode.log_LineInfo] 2026-09-04 22:20:51,484 [INFO] ImportTextPane:234 - (OptionalMessage_ERROR) IP (MotorControl) : Invalid parameter (WB_MX_PHASE_W_BEMF_ADC_IRQ)
2026-09-04 22:20:51,488 DEBUG [LineInfo_to_exitCode.log_LineInfo] 2026-09-04 22:20:51,484 [INFO] ImportTextPane:234 - (OptionalMessage_ERROR) IP (MotorControl) : Invalid parameter (WB_MX_STACKSIZE)
2026-09-04 22:20:51,488 DEBUG [LineInfo_to_exitCode.log_LineInfo] 2026-09-04 22:20:51,484 [INFO] ImportTextPane:234 - (OptionalMessage_ERROR) IP (MotorControl) : Invalid parameter (WB_MX_TRUSTZONE_AVAILABLE)
2026-09-04 22:20:51,488 DEBUG [LineInfo_to_exitCode.log_LineInfo] 2026-09-04 22:20:51,484 [INFO] ImportTextPane:234 - (OptionalMessage_ERROR) IP (MotorControl) : Invalid parameter (WB_to_Mx_template_version)
2026-09-04 22:20:51,488 DEBUG [LineInfo_to_exitCode.log_LineInfo] 2026-09-04 22:20:51,484 [INFO] ImportTextPane:234 - (OptionalMessage_ERROR) IP (MotorControl) : Invalid parameter (WB_to_Mx_version)
2026-09-04 22:20:51,489 DEBUG [LineInfo_to_exitCode.log_LineInfo] 2026-09-04 22:20:51,484 [INFO] ImportTextPane:234 - (OptionalMessage_ERROR) IP (MotorControl) : Invalid parameter (WB_UI_DP_DISABLING_ENABLE)
2026-09-04 22:20:51,489 DEBUG [LineInfo_to_exitCode.log_LineInfo] 2026-09-04 22:20:51,484 [INFO] ImportTextPane:234 - (OptionalMessage_ERROR) IP (MotorControl) : Invalid parameter (WB_UI_ENCODER_HAS_INDEX_PIN)
2026-09-04 22:20:51,489 DEBUG [LineInfo_to_exitCode.log_LineInfo] 2026-09-04 22:20:51,484 [INFO] ImportTextPane:234 - (OptionalMessage_ERROR) IP (MotorControl) : Invalid parameter (WB_UI_FRICTION)
2026-09-04 22:20:51,489 DEBUG [LineInfo_to_exitCode.log_LineInfo] 2026-09-04 22:20:51,484 [INFO] ImportTextPane:234 - (OptionalMessage_ERROR) IP (MotorControl) : Invalid parameter (WB_UI_INERTIA)
2026-09-04 22:20:51,489 DEBUG [LineInfo_to_exitCode.log_LineInfo] 2026-09-04 22:20:51,486 [INFO] ImportTextPane:234 - (OptionalMessage_ERROR) IP (MotorControl) : Invalid parameter (WB_UI_MAGNETIC_STRUCTURE)
2026-09-04 22:20:51,489 DEBUG [LineInfo_to_exitCode.log_LineInfo] 2026-09-04 22:20:51,486 [INFO] ImportTextPane:234 - (OptionalMessage_ERROR) IP (MotorControl) : Invalid parameter (WB_UI_MAX_CURRENT)
2026-09-04 22:20:51,489 DEBUG [LineInfo_to_exitCode.log_LineInfo] 2026-09-04 22:20:51,486 [INFO] ImportTextPane:234 - (OptionalMessage_ERROR) IP (MotorControl) : Invalid parameter (WB_UI_MAX_NOMINAL_DC_VOLTAGE)
2026-09-04 22:20:51,489 DEBUG [LineInfo_to_exitCode.log_LineInfo] 2026-09-04 22:20:51,486 [INFO] ImportTextPane:234 - (OptionalMessage_ERROR) IP (MotorControl) : Invalid parameter (WB_UI_MAX_PWMFREQUENCY)
2026-09-04 22:20:51,490 DEBUG [LineInfo_to_exitCode.log_LineInfo] 2026-09-04 22:20:51,486 [INFO] ImportTextPane:234 - (OptionalMessage_ERROR) IP (MotorControl) : Invalid parameter (WB_UI_MOTOR_DESCRIPTION)
2026-09-04 22:20:51,490 DEBUG [LineInfo_to_exitCode.log_LineInfo] 2026-09-04 22:20:51,486 [INFO] ImportTextPane:234 - (OptionalMessage_ERROR) IP (MotorControl) : Invalid parameter (WB_UI_PW_BOARD_MAX_RATED_CURRENT)
2026-09-04 22:20:51,490 DEBUG [LineInfo_to_exitCode.log_LineInfo] 2026-09-04 22:20:51,486 [INFO] ImportTextPane:234 - (OptionalMessage_ERROR) IP (MotorControl) : Invalid parameter (WB_UI_PW_BOARD_MAX_VOLTAGE)
2026-09-04 22:20:51,490 DEBUG [LineInfo_to_exitCode.log_LineInfo] 2026-09-04 22:20:51,486 [INFO] ImportTextPane:234 - (OptionalMessage_ERROR) IP (MotorControl) : Invalid parameter (WB_UI_PW_BOARD_MIN_VOLTAGE)
2026-09-04 22:20:51,490 DEBUG [LineInfo_to_exitCode.log_LineInfo] 2026-09-04 22:20:51,486 [INFO] ImportTextPane:234 - (OptionalMessage_ERROR) IP (MotorControl) : Invalid parameter (WB_UI_PWM_ON_SENSING)
2026-09-04 22:20:51,494 DEBUG [LineInfo_to_exitCode.log_LineInfo] 2026-09-04 22:20:51,493 [INFO] ImportTextPane:234 - (OptionalMessage_ERROR) IP (TIM1) : Parameter (SourceBRKDigInputPolarity) has invalid value (TIM_BREAKINPUTSOURCE_POLARITY_LOW)
2026-09-04 22:20:51,762 DEBUG [LineInfo_to_exitCode.log_LineInfo] 2026-09-04 22:20:51,761 [INFO] UtilMem:75 - End LoadConfig() Used Memory: 174147448 Bytes (1031798784)
2026-09-04 22:20:51,906 DEBUG [LineInfo_to_exitCode.log_LineInfo] 2026-09-04 22:20:51,906 [INFO] ThirdParty:838 - entering critical section [change project]
2026-09-04 22:20:51,906 DEBUG [LineInfo_to_exitCode.log_LineInfo] 2026-09-04 22:20:51,906 [INFO] ThirdParty:1033 - CMSIS Pack Vendor :STMicroelectronics X-CUBE-AZRTOS-H7 3.5.0
2026-09-04 22:20:51,906 DEBUG [LineInfo_to_exitCode.log_LineInfo] 2026-09-04 22:20:51,906 [INFO] ThirdParty:1033 - CMSIS Pack Vendor :STMicroelectronics X-CUBE-PM33A1 1.0.0
2026-09-04 22:20:51,907 DEBUG [LineInfo_to_exitCode.log_LineInfo] 2026-09-04 22:20:51,906 [INFO] ThirdParty:1033 - CMSIS Pack Vendor :STMicroelectronics USBPD 4.1
2026-09-04 22:20:51,907 DEBUG [LineInfo_to_exitCode.log_LineInfo] 2026-09-04 22:20:51,906 [INFO] ThirdParty:1033 - CMSIS Pack Vendor :STMicroelectronics USB_HOST 2.0.0
2026-09-04 22:20:51,907 DEBUG [LineInfo_to_exitCode.log_LineInfo] 2026-09-04 22:20:51,906 [INFO] ThirdParty:1033 - CMSIS Pack Vendor :STMicroelectronics FP-ATR-ASTRA1 2.0.3
2026-09-04 22:20:51,907 DEBUG [LineInfo_to_exitCode.log_LineInfo] 2026-09-04 22:20:51,906 [INFO] ThirdParty:1033 - CMSIS Pack Vendor :STMicroelectronics X-CUBE-AZRTOS-F4 1.1.0
2026-09-04 22:20:51,907 DEBUG [LineInfo_to_exitCode.log_LineInfo] 2026-09-04 22:20:51,906 [INFO] ThirdParty:1033 - CMSIS Pack Vendor :STMicroelectronics LIBJPEG 8.0.0
2026-09-04 22:20:51,907 DEBUG [LineInfo_to_exitCode.log_LineInfo] 2026-09-04 22:20:51,906 [INFO] ThirdParty:1033 - CMSIS Pack Vendor :STMicroelectronics FP-ATR-ASTRA1 2.0.2
2026-09-04 22:20:51,907 DEBUG [LineInfo_to_exitCode.log_LineInfo] 2026-09-04 22:20:51,906 [INFO] ThirdParty:1033 - CMSIS Pack Vendor :STMicroelectronics X-CUBE-SMBUS 2.1.1
2026-09-04 22:20:51,907 DEBUG [LineInfo_to_exitCode.log_LineInfo] 2026-09-04 22:20:51,907 [INFO] ThirdParty:1033 - CMSIS Pack Vendor :STMicroelectronics X-CUBE-SMBUS 2.1.0
2026-09-04 22:20:51,907 DEBUG [LineInfo_to_exitCode.log_LineInfo] 2026-09-04 22:20:51,907 [INFO] ThirdParty:1033 - CMSIS Pack Vendor :STMicroelectronics X-CUBE-ISPU 2.1.0
2026-09-04 22:20:51,908 DEBUG [LineInfo_to_exitCode.log_LineInfo] 2026-09-04 22:20:51,907 [INFO] ThirdParty:1033 - CMSIS Pack Vendor :STMicroelectronics X-CUBE-IPS 3.2.0
2026-09-04 22:20:51,908 DEBUG [LineInfo_to_exitCode.log_LineInfo] 2026-09-04 22:20:51,907 [INFO] ThirdParty:1033 - CMSIS Pack Vendor :STMicroelectronics eDS-WB_DPC_TT-BIDIR 2.1.1
2026-09-04 22:20:51,908 DEBUG [LineInfo_to_exitCode.log_LineInfo] 2026-09-04 22:20:51,907 [INFO] ThirdParty:1033 - CMSIS Pack Vendor :STMicroelectronics X-CUBE-NFC12 1.0.0
2026-09-04 22:20:51,908 DEBUG [LineInfo_to_exitCode.log_LineInfo] 2026-09-04 22:20:51,907 [INFO] ThirdParty:1033 - CMSIS Pack Vendor :STMicroelectronics X-CUBE-AZRTOS-F7 1.1.0
2026-09-04 22:20:51,908 DEBUG [LineInfo_to_exitCode.log_LineInfo] 2026-09-04 22:20:51,907 [INFO] ThirdParty:1033 - CMSIS Pack Vendor :STMicroelectronics X-CUBE-AZRTOS-L5 2.0.0
2026-09-04 22:20:51,908 DEBUG [LineInfo_to_exitCode.log_LineInfo] 2026-09-04 22:20:51,907 [INFO] ThirdParty:1033 - CMSIS Pack Vendor :STMicroelectronics USB_DEVICE 2.0.0
2026-09-04 22:20:51,908 DEBUG [LineInfo_to_exitCode.log_LineInfo] 2026-09-04 22:20:51,907 [INFO] ThirdParty:1033 - CMSIS Pack Vendor :STMicroelectronics X-CUBE-FREERTOS 1.6.0
2026-09-04 22:20:51,908 DEBUG [LineInfo_to_exitCode.log_LineInfo] 2026-09-04 22:20:51,907 [INFO] ThirdParty:1033 - CMSIS Pack Vendor :STMicroelectronics X-CUBE-ALGOBUILD 1.5.0
2026-09-04 22:20:51,908 DEBUG [LineInfo_to_exitCode.log_LineInfo] 2026-09-04 22:20:51,907 [INFO] ThirdParty:1033 - CMSIS Pack Vendor :STMicroelectronics FP-SNS-MOTENV1 5.1.0
2026-09-04 22:20:51,909 DEBUG [LineInfo_to_exitCode.log_LineInfo] 2026-09-04 22:20:51,907 [INFO] ThirdParty:1033 - CMSIS Pack Vendor :STMicroelectronics FreeRTOS 0.0.1
2026-09-04 22:20:51,909 DEBUG [LineInfo_to_exitCode.log_LineInfo] 2026-09-04 22:20:51,907 [INFO] ThirdParty:1033 - CMSIS Pack Vendor :STMicroelectronics X-CUBE-AZRTOS-H7RS 1.3.0
2026-09-04 22:20:51,909 DEBUG [LineInfo_to_exitCode.log_LineInfo] 2026-09-04 22:20:51,907 [INFO] ThirdParty:1033 - CMSIS Pack Vendor :STMicroelectronics eDS-WB_DPC_VIENNA 1.2.0
2026-09-04 22:20:51,909 DEBUG [LineInfo_to_exitCode.log_LineInfo] 2026-09-04 22:20:51,907 [INFO] ThirdParty:1033 - CMSIS Pack Vendor :WES I-CUBE-Cesium 1.4.0
2026-09-04 22:20:51,909 DEBUG [LineInfo_to_exitCode.log_LineInfo] 2026-09-04 22:20:51,907 [INFO] ThirdParty:1033 - CMSIS Pack Vendor :STMicroelectronics X-CUBE-MEMS1 13.0.0
2026-09-04 22:20:51,909 DEBUG [LineInfo_to_exitCode.log_LineInfo] 2026-09-04 22:20:51,907 [INFO] ThirdParty:1033 - CMSIS Pack Vendor :STMicroelectronics eDS-WB_DPC_3PH2L-BIDIR 1.1.1
2026-09-04 22:20:51,909 DEBUG [LineInfo_to_exitCode.log_LineInfo] 2026-09-04 22:20:51,907 [INFO] ThirdParty:1033 - CMSIS Pack Vendor :STMicroelectronics X-CUBE-ST67W61 1.3.0
2026-09-04 22:20:51,909 DEBUG [LineInfo_to_exitCode.log_LineInfo] 2026-09-04 22:20:51,907 [INFO] ThirdParty:1033 - CMSIS Pack Vendor :STMicroelectronics PDM2PCM 3.3.0
2026-09-04 22:20:51,910 DEBUG [LineInfo_to_exitCode.log_LineInfo] 2026-09-04 22:20:51,907 [INFO] ThirdParty:1033 - CMSIS Pack Vendor :STMicroelectronics X-CUBE-DISPLAY 3.0.0
2026-09-04 22:20:51,910 DEBUG [LineInfo_to_exitCode.log_LineInfo] 2026-09-04 22:20:51,907 [INFO] ThirdParty:1033 - CMSIS Pack Vendor :STMicroelectronics X-CUBE-GNSS1 7.1.1
2026-09-04 22:20:51,910 DEBUG [LineInfo_to_exitCode.log_LineInfo] 2026-09-04 22:20:51,907 [INFO] ThirdParty:1033 - CMSIS Pack Vendor :STMicroelectronics FP-SNS-MOTENVWB1 1.5.0
2026-09-04 22:20:51,910 DEBUG [LineInfo_to_exitCode.log_LineInfo] 2026-09-04 22:20:51,908 [INFO] ThirdParty:1033 - CMSIS Pack Vendor :STMicroelectronics X-CUBE-NFC10 1.0.0
2026-09-04 22:20:51,910 DEBUG [LineInfo_to_exitCode.log_LineInfo] 2026-09-04 22:20:51,908 [INFO] ThirdParty:1033 - CMSIS Pack Vendor :STMicroelectronics HAL Drivers 0.0.0
2026-09-04 22:20:51,910 DEBUG [LineInfo_to_exitCode.log_LineInfo] 2026-09-04 22:20:51,908 [INFO] ThirdParty:1033 - CMSIS Pack Vendor :STMicroelectronics X-CUBE-ST60 1.1.0
2026-09-04 22:20:51,911 DEBUG [LineInfo_to_exitCode.log_LineInfo] 2026-09-04 22:20:51,908 [INFO] ThirdParty:1033 - CMSIS Pack Vendor :emotas I-CUBE-CANOPEN 1.3.0
2026-09-04 22:20:51,911 DEBUG [LineInfo_to_exitCode.log_LineInfo] 2026-09-04 22:20:51,908 [INFO] ThirdParty:1033 - CMSIS Pack Vendor :STMicroelectronics X-CUBE-WBA 1.1.0
2026-09-04 22:20:51,911 DEBUG [LineInfo_to_exitCode.log_LineInfo] 2026-09-04 22:20:51,908 [INFO] ThirdParty:1033 - CMSIS Pack Vendor :STMicroelectronics MBEDTLS 2.14.1
2026-09-04 22:20:51,911 DEBUG [LineInfo_to_exitCode.log_LineInfo] 2026-09-04 22:20:51,908 [INFO] ThirdParty:1033 - CMSIS Pack Vendor :STMicroelectronics X-CUBE-GNSS1 7.1.0
2026-09-04 22:20:51,911 DEBUG [LineInfo_to_exitCode.log_LineInfo] 2026-09-04 22:20:51,908 [INFO] ThirdParty:1033 - CMSIS Pack Vendor :STMicroelectronics X-CUBE-TOUCHGFX 4.26.1
2026-09-04 22:20:51,911 DEBUG [LineInfo_to_exitCode.log_LineInfo] 2026-09-04 22:20:51,908 [INFO] ThirdParty:1033 - CMSIS Pack Vendor :STMicroelectronics FP-SNS-STBOX1 2.1.0
2026-09-04 22:20:51,911 DEBUG [LineInfo_to_exitCode.log_LineInfo] 2026-09-04 22:20:51,908 [INFO] ThirdParty:1033 - CMSIS Pack Vendor :STMicroelectronics FP-SNS-STAIOTCFT 1.0.0
2026-09-04 22:20:51,911 DEBUG [LineInfo_to_exitCode.log_LineInfo] 2026-09-04 22:20:51,908 [INFO] ThirdParty:1033 - CMSIS Pack Vendor :STMicroelectronics FP-SNS-SMARTAG2 1.2.0
2026-09-04 22:20:51,911 DEBUG [LineInfo_to_exitCode.log_LineInfo] 2026-09-04 22:20:51,908 [INFO] ThirdParty:1033 - CMSIS Pack Vendor :STMicroelectronics FP-SNS-FLIGHT1 5.1.0
2026-09-04 22:20:51,912 DEBUG [LineInfo_to_exitCode.log_LineInfo] 2026-09-04 22:20:51,908 [INFO] ThirdParty:1033 - CMSIS Pack Vendor :STMicroelectronics X-CUBE-AZRTOS-WL 2.0.0
2026-09-04 22:20:51,912 DEBUG [LineInfo_to_exitCode.log_LineInfo] 2026-09-04 22:20:51,908 [INFO] ThirdParty:1033 - CMSIS Pack Vendor :STMicroelectronics X-CUBE-DPower 1.3.0
2026-09-04 22:20:51,912 DEBUG [LineInfo_to_exitCode.log_LineInfo] 2026-09-04 22:20:51,908 [INFO] ThirdParty:1033 - CMSIS Pack Vendor :STMicroelectronics USB_DEVICE 1.0.0
2026-09-04 22:20:51,912 DEBUG [LineInfo_to_exitCode.log_LineInfo] 2026-09-04 22:20:51,908 [INFO] ThirdParty:1033 - CMSIS Pack Vendor :STMicroelectronics X-CUBE-AZRTOS-H7RS 1.2.0
2026-09-04 22:20:51,912 DEBUG [LineInfo_to_exitCode.log_LineInfo] 2026-09-04 22:20:51,908 [INFO] ThirdParty:1033 - CMSIS Pack Vendor :STMicroelectronics X-CUBE-AZRTOS-L4 2.0.0
2026-09-04 22:20:51,912 DEBUG [LineInfo_to_exitCode.log_LineInfo] 2026-09-04 22:20:51,908 [INFO] ThirdParty:1033 - CMSIS Pack Vendor :STMicroelectronics ThreadX 0.0.2
2026-09-04 22:20:51,913 DEBUG [LineInfo_to_exitCode.log_LineInfo] 2026-09-04 22:20:51,908 [INFO] ThirdParty:1033 - CMSIS Pack Vendor :STMicroelectronics lwIP 2.1.2
2026-09-04 22:20:51,913 DEBUG [LineInfo_to_exitCode.log_LineInfo] 2026-09-04 22:20:51,908 [INFO] ThirdParty:1033 - CMSIS Pack Vendor :STMicroelectronics X-CUBE-SFXS2LP1 4.0.0
2026-09-04 22:20:51,913 DEBUG [LineInfo_to_exitCode.log_LineInfo] 2026-09-04 22:20:51,908 [INFO] ThirdParty:1033 - CMSIS Pack Vendor :STMicroelectronics X-CUBE-BLE2 3.3.0
2026-09-04 22:20:51,913 DEBUG [LineInfo_to_exitCode.log_LineInfo] 2026-09-04 22:20:51,908 [INFO] ThirdParty:1033 - CMSIS Pack Vendor :Avnet-IOTCONNECT X-CUBE-iotc-st67-sdk 1.0.0
2026-09-04 22:20:51,913 DEBUG [LineInfo_to_exitCode.log_LineInfo] 2026-09-04 22:20:51,909 [INFO] ThirdParty:1033 - CMSIS Pack Vendor :Infineon AIROC-Wi-Fi-Bluetooth-STM32 1.8.0
2026-09-04 22:20:51,913 DEBUG [LineInfo_to_exitCode.log_LineInfo] 2026-09-04 22:20:51,909 [INFO] ThirdParty:1033 - CMSIS Pack Vendor :STMicroelectronics PDM2PCM 3.2.0
2026-09-04 22:20:51,913 DEBUG [LineInfo_to_exitCode.log_LineInfo] 2026-09-04 22:20:51,909 [INFO] ThirdParty:1033 - CMSIS Pack Vendor :STMicroelectronics X-CUBE-WB05N 2.1.0
2026-09-04 22:20:51,913 DEBUG [LineInfo_to_exitCode.log_LineInfo] 2026-09-04 22:20:51,909 [INFO] ThirdParty:1033 - CMSIS Pack Vendor :STMicroelectronics X-CUBE-ST67W61 1.2.0
2026-09-04 22:20:51,914 DEBUG [LineInfo_to_exitCode.log_LineInfo] 2026-09-04 22:20:51,909 [INFO] ThirdParty:1033 - CMSIS Pack Vendor :STMicroelectronics X-CUBE-NFC9 1.0.0
2026-09-04 22:20:51,914 DEBUG [LineInfo_to_exitCode.log_LineInfo] 2026-09-04 22:20:51,909 [INFO] ThirdParty:1033 - CMSIS Pack Vendor :STMicroelectronics X-CUBE-BLE1 7.1.0
2026-09-04 22:20:51,914 DEBUG [LineInfo_to_exitCode.log_LineInfo] 2026-09-04 22:20:51,909 [INFO] ThirdParty:1033 - CMSIS Pack Vendor :wolfSSL I-CUBE-wolfMQTT 1.19.2
2026-09-04 22:20:51,914 DEBUG [LineInfo_to_exitCode.log_LineInfo] 2026-09-04 22:20:51,909 [INFO] ThirdParty:1033 - CMSIS Pack Vendor :STMicroelectronics USB_DEVICE 3.0.0
2026-09-04 22:20:51,914 DEBUG [LineInfo_to_exitCode.log_LineInfo] 2026-09-04 22:20:51,909 [INFO] ThirdParty:1033 - CMSIS Pack Vendor :STMicroelectronics X-CUBE-EEPRMA1 5.2.0
2026-09-04 22:20:51,914 DEBUG [LineInfo_to_exitCode.log_LineInfo] 2026-09-04 22:20:51,909 [INFO] ThirdParty:1033 - CMSIS Pack Vendor :STMicroelectronics X-CUBE-BLEMGR 4.1.0
2026-09-04 22:20:51,915 DEBUG [LineInfo_to_exitCode.log_LineInfo] 2026-09-04 22:20:51,909 [INFO] ThirdParty:1033 - CMSIS Pack Vendor :STMicroelectronics X-CUBE-AZRTOS-WB 2.0.0
2026-09-04 22:20:51,915 DEBUG [LineInfo_to_exitCode.log_LineInfo] 2026-09-04 22:20:51,909 [INFO] ThirdParty:1033 - CMSIS Pack Vendor :wolfSSL I-CUBE-wolfSSL 5.8.4
2026-09-04 22:20:51,915 DEBUG [LineInfo_to_exitCode.log_LineInfo] 2026-09-04 22:20:51,909 [INFO] ThirdParty:1033 - CMSIS Pack Vendor :Cesanta I-CUBE-Mongoose 7.20.0
2026-09-04 22:20:51,915 DEBUG [LineInfo_to_exitCode.log_LineInfo] 2026-09-04 22:20:51,909 [INFO] ThirdParty:1033 - CMSIS Pack Vendor :STMicroelectronics FP-SNS-STAIOTCFT 1.1.0
2026-09-04 22:20:51,915 DEBUG [LineInfo_to_exitCode.log_LineInfo] 2026-09-04 22:20:51,909 [INFO] ThirdParty:1033 - CMSIS Pack Vendor :quantropi X-CUBE-qispace-sdk-base 2.1.0
2026-09-04 22:20:51,915 DEBUG [LineInfo_to_exitCode.log_LineInfo] 2026-09-04 22:20:51,909 [INFO] ThirdParty:1033 - CMSIS Pack Vendor :STMicroelectronics X-CUBE-MEMS1 12.0.0
2026-09-04 22:20:51,916 DEBUG [LineInfo_to_exitCode.log_LineInfo] 2026-09-04 22:20:51,910 [INFO] ThirdParty:1033 - CMSIS Pack Vendor :STMicroelectronics X-CUBE-STSE01 2.0.0
2026-09-04 22:20:51,916 DEBUG [LineInfo_to_exitCode.log_LineInfo] 2026-09-04 22:20:51,910 [INFO] ThirdParty:1033 - CMSIS Pack Vendor :STMicroelectronics X-CUBE-AZRTOS-G0 1.1.0
2026-09-04 22:20:51,916 DEBUG [LineInfo_to_exitCode.log_LineInfo] 2026-09-04 22:20:51,910 [INFO] ThirdParty:1033 - CMSIS Pack Vendor :STMicroelectronics X-CUBE-NFC4 3.0.0
2026-09-04 22:20:51,916 DEBUG [LineInfo_to_exitCode.log_LineInfo] 2026-09-04 22:20:51,910 [INFO] ThirdParty:1033 - CMSIS Pack Vendor :STMicroelectronics X-CUBE-SUBG2 5.0.0
2026-09-04 22:20:51,916 DEBUG [LineInfo_to_exitCode.log_LineInfo] 2026-09-04 22:20:51,910 [INFO] ThirdParty:1033 - CMSIS Pack Vendor :STMicroelectronics STM32_WPAN 1.0.0
2026-09-04 22:20:51,916 DEBUG [LineInfo_to_exitCode.log_LineInfo] 2026-09-04 22:20:51,910 [INFO] ThirdParty:1033 - CMSIS Pack Vendor :EmbeddedOffice I-CUBE-FS-RTOS 1.0.1
2026-09-04 22:20:51,917 DEBUG [LineInfo_to_exitCode.log_LineInfo] 2026-09-04 22:20:51,910 [INFO] ThirdParty:1033 - CMSIS Pack Vendor :STMicroelectronics lwIP 2.0.3
2026-09-04 22:20:51,917 DEBUG [LineInfo_to_exitCode.log_LineInfo] 2026-09-04 22:20:51,910 [INFO] ThirdParty:1033 - CMSIS Pack Vendor :STMicroelectronics USB_HOST 1.0.0
2026-09-04 22:20:51,917 DEBUG [LineInfo_to_exitCode.log_LineInfo] 2026-09-04 22:20:51,910 [INFO] ThirdParty:1033 - CMSIS Pack Vendor :STMicroelectronics X-CUBE-AZRTOS-G4 2.0.0
2026-09-04 22:20:51,917 DEBUG [LineInfo_to_exitCode.log_LineInfo] 2026-09-04 22:20:51,910 [INFO] ThirdParty:1033 - CMSIS Pack Vendor :STMicroelectronics X-CUBE-WB05N 2.0.0
2026-09-04 22:20:51,917 DEBUG [LineInfo_to_exitCode.log_LineInfo] 2026-09-04 22:20:51,910 [INFO] ThirdParty:1033 - CMSIS Pack Vendor :STMicroelectronics PDM2PCM 3.1.0
2026-09-04 22:20:51,917 DEBUG [LineInfo_to_exitCode.log_LineInfo] 2026-09-04 22:20:51,911 [INFO] ThirdParty:1033 - CMSIS Pack Vendor :wolfSSL I-CUBE-wolfTPM 3.8.0
2026-09-04 22:20:51,917 DEBUG [LineInfo_to_exitCode.log_LineInfo] 2026-09-04 22:20:51,911 [INFO] ThirdParty:1033 - CMSIS Pack Vendor :wolfSSL I-CUBE-wolfSSH 1.4.20
2026-09-04 22:20:51,917 DEBUG [LineInfo_to_exitCode.log_LineInfo] 2026-09-04 22:20:51,911 [INFO] ThirdParty:1033 - CMSIS Pack Vendor :STMicroelectronics X-CUBE-NFC7 2.0.0
2026-09-04 22:20:51,918 DEBUG [LineInfo_to_exitCode.log_LineInfo] 2026-09-04 22:20:51,911 [INFO] ThirdParty:1033 - CMSIS Pack Vendor :STMicroelectronics X-CUBE-TCPP 4.2.0
2026-09-04 22:20:51,918 DEBUG [LineInfo_to_exitCode.log_LineInfo] 2026-09-04 22:20:51,911 [INFO] ThirdParty:1033 - CMSIS Pack Vendor :RealThread X-CUBE-RT-Thread_Nano 4.1.1
2026-09-04 22:20:51,918 DEBUG [LineInfo_to_exitCode.log_LineInfo] 2026-09-04 22:20:51,911 [INFO] ThirdParty:1033 - CMSIS Pack Vendor :STMicroelectronics FP-ATR-SIGFOX1 3.2.0
2026-09-04 22:20:51,918 DEBUG [LineInfo_to_exitCode.log_LineInfo] 2026-09-04 22:20:51,911 [INFO] ThirdParty:1033 - CMSIS Pack Vendor :STMicroelectronics X-CUBE-FREERTOS 1.5.0
2026-09-04 22:20:51,918 DEBUG [LineInfo_to_exitCode.log_LineInfo] 2026-09-04 22:20:51,911 [INFO] ThirdParty:1033 - CMSIS Pack Vendor :STMicroelectronics MBEDTLS 2.16.2
2026-09-04 22:20:51,918 DEBUG [LineInfo_to_exitCode.log_LineInfo] 2026-09-04 22:20:51,911 [INFO] ThirdParty:1033 - CMSIS Pack Vendor :STMicroelectronics X-CUBE-BLEMGR 4.2.0
2026-09-04 22:20:51,918 DEBUG [LineInfo_to_exitCode.log_LineInfo] 2026-09-04 22:20:51,911 [INFO] ThirdParty:1033 - CMSIS Pack Vendor :STMicroelectronics X-CUBE-ALS 1.0.2
2026-09-04 22:20:51,918 DEBUG [LineInfo_to_exitCode.log_LineInfo] 2026-09-04 22:20:51,911 [INFO] ThirdParty:1033 - CMSIS Pack Vendor :ITTIA_DB I-CUBE-ITTIADB 8.9.0
2026-09-04 22:20:51,918 DEBUG [LineInfo_to_exitCode.log_LineInfo] 2026-09-04 22:20:51,911 [INFO] ThirdParty:1033 - CMSIS Pack Vendor :STMicroelectronics X-CUBE-NFC6 3.2.0
2026-09-04 22:20:51,919 DEBUG [LineInfo_to_exitCode.log_LineInfo] 2026-09-04 22:20:51,911 [INFO] ThirdParty:1033 - CMSIS Pack Vendor :STMicroelectronics X-CUBE-AI 10.2.1
2026-09-04 22:20:51,919 DEBUG [LineInfo_to_exitCode.log_LineInfo] 2026-09-04 22:20:51,911 [INFO] ThirdParty:1033 - CMSIS Pack Vendor :STMicroelectronics X-CUBE-AI 10.2.0
2026-09-04 22:20:51,919 DEBUG [LineInfo_to_exitCode.log_LineInfo] 2026-09-04 22:20:51,911 [INFO] ThirdParty:1033 - CMSIS Pack Vendor :STMicroelectronics ThreadX 1.0.0
2026-09-04 22:20:51,919 DEBUG [LineInfo_to_exitCode.log_LineInfo] 2026-09-04 22:20:51,911 [INFO] ThirdParty:1033 - CMSIS Pack Vendor :STMicroelectronics X-CUBE-MEMS1 12.1.0
2026-09-04 22:20:51,919 DEBUG [LineInfo_to_exitCode.log_LineInfo] 2026-09-04 22:20:51,911 [INFO] ThirdParty:1033 - CMSIS Pack Vendor :SEGGER I-CUBE-embOS 1.3.1
2026-09-04 22:20:51,919 DEBUG [LineInfo_to_exitCode.log_LineInfo] 2026-09-04 22:20:51,911 [INFO] ThirdParty:1033 - CMSIS Pack Vendor :STMicroelectronics X-CUBE-ALGOBUILD 1.4.0
2026-09-04 22:20:51,919 DEBUG [LineInfo_to_exitCode.log_LineInfo] 2026-09-04 22:20:51,911 [INFO] ThirdParty:1033 - CMSIS Pack Vendor :STMicroelectronics X-CUBE-TOF1 3.4.3
2026-09-04 22:20:51,919 DEBUG [LineInfo_to_exitCode.log_LineInfo] 2026-09-04 22:20:51,911 [INFO] ThirdParty:1033 - CMSIS Pack Vendor :STMicroelectronics X-CUBE-NFC13 1.0.0
2026-09-04 22:20:51,919 DEBUG [LineInfo_to_exitCode.log_LineInfo] 2026-09-04 22:20:51,911 [INFO] ThirdParty:844 - exiting critical section [change project]
2026-09-04 22:20:52,293 DEBUG [LineInfo_to_exitCode.log_LineInfo] 2026-09-04 22:20:52,293 [INFO] PinOutPanel:1500 - setPackage(No Configuration,No Configuration)
2026-09-04 22:20:52,295 DEBUG [LineInfo_to_exitCode.log_LineInfo] 2026-09-04 22:20:52,295 [INFO] PinOutPanel:1500 - setPackage(STM32G071RBTx,LQFP64)
2026-09-04 22:20:52,840 DEBUG [LineInfo_to_exitCode.log_LineInfo] 2026-09-04 22:20:52,840 [INFO] UtilMem:75 - Before build in PCC Used Memory: 394324216 Bytes (1031798784)
2026-09-04 22:20:53,547 DEBUG [LineInfo_to_exitCode.log_LineInfo] 2026-09-04 22:20:53,547 [INFO] UtilMem:75 - After build in PCC Used Memory: 482407248 Bytes (1031798784)
2026-09-04 22:20:53,757 DEBUG [LineInfo_to_exitCode.log_LineInfo] 2026-09-04 22:20:53,756 [INFO] ApiDbMcu:530 - Load IP Config File for MotorControl
2026-09-04 22:20:53,783 DEBUG [LineInfo_to_exitCode.log_LineInfo] 2026-09-04 22:20:53,783 [INFO] IPUIPlugin:83 - create IPUIPlugin
2026-09-04 22:20:53,783 DEBUG [LineInfo_to_exitCode.log_LineInfo] 2026-09-04 22:20:53,783 [INFO] IPUIPlugin:83 - create IPUIPlugin
2026-09-04 22:20:53,784 DEBUG [LineInfo_to_exitCode.log_LineInfo] 2026-09-04 22:20:53,783 [INFO] IPUIPlugin:83 - create IPUIPlugin
2026-09-04 22:20:53,784 DEBUG [LineInfo_to_exitCode.log_LineInfo] 2026-09-04 22:20:53,783 [INFO] IPUIPlugin:83 - create IPUIPlugin
2026-09-04 22:20:53,784 DEBUG [LineInfo_to_exitCode.log_LineInfo] 2026-09-04 22:20:53,783 [INFO] IPUIPlugin:83 - create IPUIPlugin
2026-09-04 22:20:53,784 DEBUG [LineInfo_to_exitCode.log_LineInfo] 2026-09-04 22:20:53,784 [INFO] IPUIPlugin:83 - create IPUIPlugin
2026-09-04 22:20:53,784 DEBUG [LineInfo_to_exitCode.log_LineInfo] 2026-09-04 22:20:53,784 [INFO] IPUIPlugin:83 - create IPUIPlugin
2026-09-04 22:20:53,785 DEBUG [LineInfo_to_exitCode.log_LineInfo] 2026-09-04 22:20:53,784 [INFO] IPUIPlugin:83 - create IPUIPlugin
2026-09-04 22:20:53,785 DEBUG [LineInfo_to_exitCode.log_LineInfo] 2026-09-04 22:20:53,784 [INFO] IPUIPlugin:83 - create IPUIPlugin
2026-09-04 22:20:53,785 DEBUG [LineInfo_to_exitCode.log_LineInfo] 2026-09-04 22:20:53,784 [INFO] IPUIPlugin:83 - create IPUIPlugin
2026-09-04 22:20:53,785 DEBUG [LineInfo_to_exitCode.log_LineInfo] 2026-09-04 22:20:53,784 [INFO] IPUIPlugin:83 - create IPUIPlugin
2026-09-04 22:20:53,785 DEBUG [LineInfo_to_exitCode.log_LineInfo] 2026-09-04 22:20:53,785 [INFO] IPUIPlugin:83 - create IPUIPlugin
2026-09-04 22:20:53,786 DEBUG [LineInfo_to_exitCode.log_LineInfo] 2026-09-04 22:20:53,785 [INFO] IPUIPlugin:83 - create IPUIPlugin
2026-09-04 22:20:53,786 DEBUG [LineInfo_to_exitCode.log_LineInfo] 2026-09-04 22:20:53,785 [INFO] IPUIPlugin:83 - create IPUIPlugin
2026-09-04 22:20:53,787 DEBUG [LineInfo_to_exitCode.log_LineInfo] 2026-09-04 22:20:53,785 [INFO] IPUIPlugin:83 - create IPUIPlugin
2026-09-04 22:20:53,787 DEBUG [LineInfo_to_exitCode.log_LineInfo] 2026-09-04 22:20:53,785 [INFO] IPUIPlugin:83 - create IPUIPlugin
2026-09-04 22:20:53,787 DEBUG [LineInfo_to_exitCode.log_LineInfo] 2026-09-04 22:20:53,785 [INFO] IPUIPlugin:83 - create IPUIPlugin
2026-09-04 22:20:53,787 DEBUG [LineInfo_to_exitCode.log_LineInfo] 2026-09-04 22:20:53,785 [INFO] IPUIPlugin:83 - create IPUIPlugin
2026-09-04 22:20:53,787 DEBUG [LineInfo_to_exitCode.log_LineInfo] 2026-09-04 22:20:53,786 [INFO] IPUIPlugin:83 - create IPUIPlugin
2026-09-04 22:20:53,788 DEBUG [LineInfo_to_exitCode.log_LineInfo] 2026-09-04 22:20:53,787 [INFO] IPUIPlugin:83 - create IPUIPlugin
2026-09-04 22:20:53,788 DEBUG [LineInfo_to_exitCode.log_LineInfo] 2026-09-04 22:20:53,787 [INFO] IPUIPlugin:83 - create IPUIPlugin
2026-09-04 22:20:53,788 DEBUG [LineInfo_to_exitCode.log_LineInfo] 2026-09-04 22:20:53,787 [INFO] IPUIPlugin:83 - create IPUIPlugin
2026-09-04 22:20:53,788 DEBUG [LineInfo_to_exitCode.log_LineInfo] 2026-09-04 22:20:53,787 [INFO] IPUIPlugin:83 - create IPUIPlugin
2026-09-04 22:20:53,788 DEBUG [LineInfo_to_exitCode.log_LineInfo] 2026-09-04 22:20:53,788 [INFO] IPUIPlugin:83 - create IPUIPlugin
2026-09-04 22:20:53,788 DEBUG [LineInfo_to_exitCode.log_LineInfo] 2026-09-04 22:20:53,788 [INFO] IPUIPlugin:83 - create IPUIPlugin
2026-09-04 22:20:53,788 DEBUG [LineInfo_to_exitCode.log_LineInfo] 2026-09-04 22:20:53,788 [INFO] IPUIPlugin:83 - create IPUIPlugin
2026-09-04 22:20:53,789 DEBUG [LineInfo_to_exitCode.log_LineInfo] 2026-09-04 22:20:53,788 [INFO] IPUIPlugin:83 - create IPUIPlugin
2026-09-04 22:20:53,789 DEBUG [LineInfo_to_exitCode.log_LineInfo] 2026-09-04 22:20:53,789 [INFO] IPUIPlugin:83 - create IPUIPlugin
2026-09-04 22:20:53,789 DEBUG [LineInfo_to_exitCode.log_LineInfo] 2026-09-04 22:20:53,789 [INFO] IPUIPlugin:83 - create IPUIPlugin
2026-09-04 22:20:53,789 DEBUG [LineInfo_to_exitCode.log_LineInfo] 2026-09-04 22:20:53,789 [INFO] IPUIPlugin:83 - create IPUIPlugin
2026-09-04 22:20:53,790 DEBUG [LineInfo_to_exitCode.log_LineInfo] 2026-09-04 22:20:53,790 [INFO] IPUIPlugin:83 - create IPUIPlugin
2026-09-04 22:20:53,790 DEBUG [LineInfo_to_exitCode.log_LineInfo] 2026-09-04 22:20:53,790 [INFO] IPUIPlugin:83 - create IPUIPlugin
2026-09-04 22:20:53,790 DEBUG [LineInfo_to_exitCode.log_LineInfo] 2026-09-04 22:20:53,790 [INFO] IPUIPlugin:83 - create IPUIPlugin
2026-09-04 22:20:53,791 DEBUG [LineInfo_to_exitCode.log_LineInfo] 2026-09-04 22:20:53,790 [INFO] IPUIPlugin:83 - create IPUIPlugin
2026-09-04 22:20:53,791 DEBUG [LineInfo_to_exitCode.log_LineInfo] 2026-09-04 22:20:53,791 [INFO] IPUIPlugin:83 - create IPUIPlugin
2026-09-04 22:20:53,791 DEBUG [LineInfo_to_exitCode.log_LineInfo] 2026-09-04 22:20:53,791 [INFO] IPUIPlugin:83 - create IPUIPlugin
2026-09-04 22:20:53,791 DEBUG [LineInfo_to_exitCode.log_LineInfo] 2026-09-04 22:20:53,791 [INFO] IPUIPlugin:83 - create IPUIPlugin
2026-09-04 22:20:53,791 DEBUG [LineInfo_to_exitCode.log_LineInfo] 2026-09-04 22:20:53,791 [INFO] IPUIPlugin:83 - create IPUIPlugin
2026-09-04 22:20:53,792 DEBUG [LineInfo_to_exitCode.log_LineInfo] 2026-09-04 22:20:53,792 [INFO] IPUIPlugin:83 - create IPUIPlugin
2026-09-04 22:20:53,792 DEBUG [LineInfo_to_exitCode.log_LineInfo] 2026-09-04 22:20:53,792 [INFO] IPUIPlugin:83 - create IPUIPlugin
2026-09-04 22:20:53,792 DEBUG [LineInfo_to_exitCode.log_LineInfo] 2026-09-04 22:20:53,792 [INFO] IPUIPlugin:83 - create IPUIPlugin
2026-09-04 22:20:53,792 DEBUG [LineInfo_to_exitCode.log_LineInfo] 2026-09-04 22:20:53,792 [INFO] IPUIPlugin:83 - create IPUIPlugin
2026-09-04 22:20:53,793 DEBUG [LineInfo_to_exitCode.log_LineInfo] 2026-09-04 22:20:53,793 [INFO] IPUIPlugin:83 - create IPUIPlugin
2026-09-04 22:20:53,793 DEBUG [LineInfo_to_exitCode.log_LineInfo] 2026-09-04 22:20:53,793 [INFO] IPUIPlugin:83 - create IPUIPlugin
2026-09-04 22:20:54,048 DEBUG [LineInfo_to_exitCode.log_LineInfo] 2026-09-04 22:20:54,048 [INFO] ProjectChoiceTab:3888 - New firmware version: STM32Cube FW_G0 V1.6.3 Old firmware version: null
2026-09-04 22:20:54,048 DEBUG [LineInfo_to_exitCode.log_LineInfo] 2026-09-04 22:20:54,048 [INFO] ProjectChoiceTab:3898 - H7FWmigrated= false
2026-09-04 22:20:54,082 DEBUG [LineInfo_to_exitCode.log_LineInfo] 2026-09-04 22:20:54,081 [INFO] CADModel:153 - CPN selected for project levelSTM32G071RBT3
2026-09-04 22:20:54,082 DEBUG [LineInfo_to_exitCode.log_LineInfo] 2026-09-04 22:20:54,082 [INFO] CADModel:102 - Register for checkConnection events
2026-09-04 22:20:54,345 DEBUG [LineInfo_to_exitCode.log_LineInfo] 2026-09-04 22:20:54,345 [INFO] OpenFileManager:403 - Restore cursor
2026-09-04 22:20:54,515 DEBUG [LineInfo_to_exitCode.log_LineInfo] 2026-09-04 22:20:54,515 [INFO] ProjectChoiceTab:3888 - New firmware version: STM32Cube FW_G0 V1.6.3 Old firmware version: STM32Cube FW_G0 V1.6.3
2026-09-04 22:20:54,752 DEBUG [LineInfo_to_exitCode.log_LineInfo] 2026-09-04 22:20:54,752 [INFO] UtilMem:75 - End SaveConfig() Used Memory: 234664696 Bytes (1031798784)
2026-09-04 22:20:54,796 DEBUG [LineInfo_to_exitCode.log_LineInfo] 2026-09-04 22:20:54,796 [INFO] ProjectChoiceTab:3888 - New firmware version: STM32Cube FW_G0 V1.6.3 Old firmware version: STM32Cube FW_G0 V1.6.3
2026-09-04 22:20:55,332 DEBUG [LineInfo_to_exitCode.log_LineInfo] 2026-09-04 22:20:55,331 [INFO] IPsOverviews:2785 - set Specific Code input for plugin: NVIC
2026-09-04 22:20:55,332 DEBUG [LineInfo_to_exitCode.log_LineInfo] 2026-09-04 22:20:55,332 [INFO] IPsOverviews:2785 - set Specific Code input for plugin: MotorControl
2026-09-04 22:20:55,332 DEBUG [LineInfo_to_exitCode.log_LineInfo] 2026-09-04 22:20:55,332 [INFO] IPsOverviews:2785 - set Specific Code input for plugin: TIM1_8G0
2026-09-04 22:20:55,332 DEBUG [LineInfo_to_exitCode.log_LineInfo] 2026-09-04 22:20:55,332 [INFO] IPsOverviews:2785 - set Specific Code input for plugin: TIM1_8G0
2026-09-04 22:20:55,333 DEBUG [LineInfo_to_exitCode.log_LineInfo] 2026-09-04 22:20:55,332 [INFO] IPsOverviews:2785 - set Specific Code input for plugin: SYS
2026-09-04 22:20:55,333 DEBUG [LineInfo_to_exitCode.log_LineInfo] 2026-09-04 22:20:55,333 [INFO] IPsOverviews:2785 - set Specific Code input for plugin: GPIO
2026-09-04 22:20:55,333 DEBUG [LineInfo_to_exitCode.log_LineInfo] 2026-09-04 22:20:55,333 [INFO] IPsOverviews:2785 - set Specific Code input for plugin: ADC
2026-09-04 22:20:55,333 DEBUG [LineInfo_to_exitCode.log_LineInfo] 2026-09-04 22:20:55,333 [INFO] IPsOverviews:2785 - set Specific Code input for plugin: RCC
2026-09-04 22:20:55,345 DEBUG [LineInfo_to_exitCode.log_LineInfo] 2026-09-04 22:20:55,345 [INFO] CodeGenerator:899 - code generatio: config db path: C:\Users\LH213\AppData\Local\Programs\STM32CubeMX\\db\
2026-09-04 22:20:55,583 DEBUG [LineInfo_to_exitCode.log_LineInfo] 2026-09-04 22:20:55,583 [INFO] CodeEngine:297 - oldGeneratedFile, C:\Users\LH213\Desktop\projekty\Walki_robotow\ESC\ESC_test\kod\6-step, sensorless\six_step_v1_1\MXTmpFiles\license.tmp_save
2026-09-04 22:20:55,977 DEBUG [LineInfo_to_exitCode.log_LineInfo] 2026-09-04 22:20:55,977 [INFO] CodeEngine:321 - Generated code: C:\Users\LH213\Desktop\projekty\Walki_robotow\ESC\ESC_test\kod\6-step, sensorless\six_step_v1_1\MXTmpFiles\license.tmp
2026-09-04 22:20:56,144 DEBUG [LineInfo_to_exitCode.log_LineInfo] 2026-09-04 22:20:56,144 [INFO] CodeEngine:297 - oldGeneratedFile, C:\Users\LH213\Desktop\projekty\Walki_robotow\ESC\ESC_test\kod\6-step, sensorless\six_step_v1_1\MXTmpFiles\gpio.tmp_save
2026-09-04 22:20:56,313 DEBUG [LineInfo_to_exitCode.log_LineInfo] 2026-09-04 22:20:56,312 [INFO] CodeEngine:321 - Generated code: C:\Users\LH213\Desktop\projekty\Walki_robotow\ESC\ESC_test\kod\6-step, sensorless\six_step_v1_1\MXTmpFiles\gpio.tmp
2026-09-04 22:20:56,901 DEBUG [LineInfo_to_exitCode.log_LineInfo] 2026-09-04 22:20:56,901 [INFO] Middleware:1457 - No code input for Bsp Dependency
2026-09-04 22:20:57,077 DEBUG [LineInfo_to_exitCode.log_LineInfo] 2026-09-04 22:20:57,077 [INFO] Middleware:1457 - No code input for Bsp Dependency
2026-09-04 22:20:57,126 DEBUG [LineInfo_to_exitCode.log_LineInfo] 2026-09-04 22:20:57,126 [INFO] CodeEngine:297 - oldGeneratedFile, C:\Users\LH213\Desktop\projekty\Walki_robotow\ESC\ESC_test\kod\6-step, sensorless\six_step_v1_1\Src\motorcontrol.c_save
2026-09-04 22:20:57,271 INFO  [LineInfo_to_exitCode.log_LineInfo] Generated code: C:\Users\LH213\Desktop\projekty\Walki_robotow\ESC\ESC_test\kod\6-step, sensorless\six_step_v1_1\Src\motorcontrol.c
2026-09-04 22:20:57,294 DEBUG [LineInfo_to_exitCode.log_LineInfo] 2026-09-04 22:20:57,294 [INFO] CodeEngine:297 - oldGeneratedFile, C:\Users\LH213\Desktop\projekty\Walki_robotow\ESC\ESC_test\kod\6-step, sensorless\six_step_v1_1\Inc\motorcontrol.h_save
2026-09-04 22:20:57,400 INFO  [LineInfo_to_exitCode.log_LineInfo] Generated code: C:\Users\LH213\Desktop\projekty\Walki_robotow\ESC\ESC_test\kod\6-step, sensorless\six_step_v1_1\Inc\motorcontrol.h
2026-09-04 22:20:57,422 DEBUG [LineInfo_to_exitCode.log_LineInfo] 2026-09-04 22:20:57,422 [INFO] CodeEngine:297 - oldGeneratedFile, C:\Users\LH213\Desktop\projekty\Walki_robotow\ESC\ESC_test\kod\6-step, sensorless\six_step_v1_1\Inc\drive_parameters.h_save
2026-09-04 22:20:57,614 INFO  [LineInfo_to_exitCode.log_LineInfo] Generated code: C:\Users\LH213\Desktop\projekty\Walki_robotow\ESC\ESC_test\kod\6-step, sensorless\six_step_v1_1\Inc\drive_parameters.h
2026-09-04 22:20:57,637 DEBUG [LineInfo_to_exitCode.log_LineInfo] 2026-09-04 22:20:57,636 [INFO] CodeEngine:297 - oldGeneratedFile, C:\Users\LH213\Desktop\projekty\Walki_robotow\ESC\ESC_test\kod\6-step, sensorless\six_step_v1_1\Inc\mc_type.h_save
2026-09-04 22:20:57,749 INFO  [LineInfo_to_exitCode.log_LineInfo] Generated code: C:\Users\LH213\Desktop\projekty\Walki_robotow\ESC\ESC_test\kod\6-step, sensorless\six_step_v1_1\Inc\mc_type.h
2026-09-04 22:20:57,776 DEBUG [LineInfo_to_exitCode.log_LineInfo] 2026-09-04 22:20:57,775 [INFO] CodeEngine:297 - oldGeneratedFile, C:\Users\LH213\Desktop\projekty\Walki_robotow\ESC\ESC_test\kod\6-step, sensorless\six_step_v1_1\Inc\mc_tasks.h_save
2026-09-04 22:20:57,881 INFO  [LineInfo_to_exitCode.log_LineInfo] Generated code: C:\Users\LH213\Desktop\projekty\Walki_robotow\ESC\ESC_test\kod\6-step, sensorless\six_step_v1_1\Inc\mc_tasks.h
2026-09-04 22:20:57,904 DEBUG [LineInfo_to_exitCode.log_LineInfo] 2026-09-04 22:20:57,904 [INFO] CodeEngine:297 - oldGeneratedFile, C:\Users\LH213\Desktop\projekty\Walki_robotow\ESC\ESC_test\kod\6-step, sensorless\six_step_v1_1\Src\mc_api.c_save
2026-09-04 22:20:58,033 INFO  [LineInfo_to_exitCode.log_LineInfo] Generated code: C:\Users\LH213\Desktop\projekty\Walki_robotow\ESC\ESC_test\kod\6-step, sensorless\six_step_v1_1\Src\mc_api.c
2026-09-04 22:20:58,057 DEBUG [LineInfo_to_exitCode.log_LineInfo] 2026-09-04 22:20:58,057 [INFO] CodeEngine:297 - oldGeneratedFile, C:\Users\LH213\Desktop\projekty\Walki_robotow\ESC\ESC_test\kod\6-step, sensorless\six_step_v1_1\Inc\mc_api.h_save
2026-09-04 22:20:58,150 INFO  [LineInfo_to_exitCode.log_LineInfo] Generated code: C:\Users\LH213\Desktop\projekty\Walki_robotow\ESC\ESC_test\kod\6-step, sensorless\six_step_v1_1\Inc\mc_api.h
2026-09-04 22:20:58,163 DEBUG [LineInfo_to_exitCode.log_LineInfo] 2026-09-04 22:20:58,163 [INFO] CodeEngine:297 - oldGeneratedFile, C:\Users\LH213\Desktop\projekty\Walki_robotow\ESC\ESC_test\kod\6-step, sensorless\six_step_v1_1\Src\mc_config.c_save
2026-09-04 22:20:58,280 INFO  [LineInfo_to_exitCode.log_LineInfo] Generated code: C:\Users\LH213\Desktop\projekty\Walki_robotow\ESC\ESC_test\kod\6-step, sensorless\six_step_v1_1\Src\mc_config.c
2026-09-04 22:20:58,297 DEBUG [LineInfo_to_exitCode.log_LineInfo] 2026-09-04 22:20:58,297 [INFO] CodeEngine:297 - oldGeneratedFile, C:\Users\LH213\Desktop\projekty\Walki_robotow\ESC\ESC_test\kod\6-step, sensorless\six_step_v1_1\Src\mc_config_common.c_save
2026-09-04 22:20:58,401 INFO  [LineInfo_to_exitCode.log_LineInfo] Generated code: C:\Users\LH213\Desktop\projekty\Walki_robotow\ESC\ESC_test\kod\6-step, sensorless\six_step_v1_1\Src\mc_config_common.c
2026-09-04 22:20:58,420 DEBUG [LineInfo_to_exitCode.log_LineInfo] 2026-09-04 22:20:58,420 [INFO] CodeEngine:297 - oldGeneratedFile, C:\Users\LH213\Desktop\projekty\Walki_robotow\ESC\ESC_test\kod\6-step, sensorless\six_step_v1_1\Inc\mc_config.h_save
2026-09-04 22:20:58,517 INFO  [LineInfo_to_exitCode.log_LineInfo] Generated code: C:\Users\LH213\Desktop\projekty\Walki_robotow\ESC\ESC_test\kod\6-step, sensorless\six_step_v1_1\Inc\mc_config.h
2026-09-04 22:20:58,532 DEBUG [LineInfo_to_exitCode.log_LineInfo] 2026-09-04 22:20:58,531 [INFO] CodeEngine:297 - oldGeneratedFile, C:\Users\LH213\Desktop\projekty\Walki_robotow\ESC\ESC_test\kod\6-step, sensorless\six_step_v1_1\Inc\mc_config_common.h_save
2026-09-04 22:20:58,618 INFO  [LineInfo_to_exitCode.log_LineInfo] Generated code: C:\Users\LH213\Desktop\projekty\Walki_robotow\ESC\ESC_test\kod\6-step, sensorless\six_step_v1_1\Inc\mc_config_common.h
2026-09-04 22:20:58,641 DEBUG [LineInfo_to_exitCode.log_LineInfo] 2026-09-04 22:20:58,641 [INFO] CodeEngine:297 - oldGeneratedFile, C:\Users\LH213\Desktop\projekty\Walki_robotow\ESC\ESC_test\kod\6-step, sensorless\six_step_v1_1\Inc\mc_stm_types.h_save
2026-09-04 22:20:58,756 INFO  [LineInfo_to_exitCode.log_LineInfo] Generated code: C:\Users\LH213\Desktop\projekty\Walki_robotow\ESC\ESC_test\kod\6-step, sensorless\six_step_v1_1\Inc\mc_stm_types.h
2026-09-04 22:20:58,772 DEBUG [LineInfo_to_exitCode.log_LineInfo] 2026-09-04 22:20:58,772 [INFO] CodeEngine:297 - oldGeneratedFile, C:\Users\LH213\Desktop\projekty\Walki_robotow\ESC\ESC_test\kod\6-step, sensorless\six_step_v1_1\Src\mc_tasks.c_save
2026-09-04 22:20:58,905 INFO  [LineInfo_to_exitCode.log_LineInfo] Generated code: C:\Users\LH213\Desktop\projekty\Walki_robotow\ESC\ESC_test\kod\6-step, sensorless\six_step_v1_1\Src\mc_tasks.c
2026-09-04 22:20:58,927 DEBUG [LineInfo_to_exitCode.log_LineInfo] 2026-09-04 22:20:58,927 [INFO] CodeEngine:297 - oldGeneratedFile, C:\Users\LH213\Desktop\projekty\Walki_robotow\ESC\ESC_test\kod\6-step, sensorless\six_step_v1_1\Src\mc_tasks_sixstep.c_save
2026-09-04 22:20:59,046 INFO  [LineInfo_to_exitCode.log_LineInfo] Generated code: C:\Users\LH213\Desktop\projekty\Walki_robotow\ESC\ESC_test\kod\6-step, sensorless\six_step_v1_1\Src\mc_tasks_sixstep.c
2026-09-04 22:20:59,073 DEBUG [LineInfo_to_exitCode.log_LineInfo] 2026-09-04 22:20:59,073 [INFO] CodeEngine:297 - oldGeneratedFile, C:\Users\LH213\Desktop\projekty\Walki_robotow\ESC\ESC_test\kod\6-step, sensorless\six_step_v1_1\Src\speed_duty_ctrl.c_save
2026-09-04 22:20:59,171 INFO  [LineInfo_to_exitCode.log_LineInfo] Generated code: C:\Users\LH213\Desktop\projekty\Walki_robotow\ESC\ESC_test\kod\6-step, sensorless\six_step_v1_1\Src\speed_duty_ctrl.c
2026-09-04 22:20:59,195 DEBUG [LineInfo_to_exitCode.log_LineInfo] 2026-09-04 22:20:59,195 [INFO] CodeEngine:297 - oldGeneratedFile, C:\Users\LH213\Desktop\projekty\Walki_robotow\ESC\ESC_test\kod\6-step, sensorless\six_step_v1_1\Inc\speed_duty_ctrl.h_save
2026-09-04 22:20:59,301 INFO  [LineInfo_to_exitCode.log_LineInfo] Generated code: C:\Users\LH213\Desktop\projekty\Walki_robotow\ESC\ESC_test\kod\6-step, sensorless\six_step_v1_1\Inc\speed_duty_ctrl.h
2026-09-04 22:20:59,329 DEBUG [LineInfo_to_exitCode.log_LineInfo] 2026-09-04 22:20:59,329 [INFO] CodeEngine:297 - oldGeneratedFile, C:\Users\LH213\Desktop\projekty\Walki_robotow\ESC\ESC_test\kod\6-step, sensorless\six_step_v1_1\Src\regular_conversion_manager.c_save
2026-09-04 22:20:59,426 INFO  [LineInfo_to_exitCode.log_LineInfo] Generated code: C:\Users\LH213\Desktop\projekty\Walki_robotow\ESC\ESC_test\kod\6-step, sensorless\six_step_v1_1\Src\regular_conversion_manager.c
2026-09-04 22:20:59,449 DEBUG [LineInfo_to_exitCode.log_LineInfo] 2026-09-04 22:20:59,449 [INFO] CodeEngine:297 - oldGeneratedFile, C:\Users\LH213\Desktop\projekty\Walki_robotow\ESC\ESC_test\kod\6-step, sensorless\six_step_v1_1\Inc\regular_conversion_manager.h_save
2026-09-04 22:20:59,536 INFO  [LineInfo_to_exitCode.log_LineInfo] Generated code: C:\Users\LH213\Desktop\projekty\Walki_robotow\ESC\ESC_test\kod\6-step, sensorless\six_step_v1_1\Inc\regular_conversion_manager.h
2026-09-04 22:20:59,553 DEBUG [LineInfo_to_exitCode.log_LineInfo] 2026-09-04 22:20:59,553 [INFO] CodeEngine:297 - oldGeneratedFile, C:\Users\LH213\Desktop\projekty\Walki_robotow\ESC\ESC_test\kod\6-step, sensorless\six_step_v1_1\Src\mc_math.c_save
2026-09-04 22:20:59,646 INFO  [LineInfo_to_exitCode.log_LineInfo] Generated code: C:\Users\LH213\Desktop\projekty\Walki_robotow\ESC\ESC_test\kod\6-step, sensorless\six_step_v1_1\Src\mc_math.c
2026-09-04 22:20:59,662 DEBUG [LineInfo_to_exitCode.log_LineInfo] 2026-09-04 22:20:59,662 [INFO] CodeEngine:297 - oldGeneratedFile, C:\Users\LH213\Desktop\projekty\Walki_robotow\ESC\ESC_test\kod\6-step, sensorless\six_step_v1_1\Inc\mc_math.h_save
2026-09-04 22:20:59,765 INFO  [LineInfo_to_exitCode.log_LineInfo] Generated code: C:\Users\LH213\Desktop\projekty\Walki_robotow\ESC\ESC_test\kod\6-step, sensorless\six_step_v1_1\Inc\mc_math.h
2026-09-04 22:20:59,791 DEBUG [LineInfo_to_exitCode.log_LineInfo] 2026-09-04 22:20:59,791 [INFO] CodeEngine:297 - oldGeneratedFile, C:\Users\LH213\Desktop\projekty\Walki_robotow\ESC\ESC_test\kod\6-step, sensorless\six_step_v1_1\Src\mc_interface.c_save
2026-09-04 22:20:59,896 INFO  [LineInfo_to_exitCode.log_LineInfo] Generated code: C:\Users\LH213\Desktop\projekty\Walki_robotow\ESC\ESC_test\kod\6-step, sensorless\six_step_v1_1\Src\mc_interface.c
2026-09-04 22:20:59,922 DEBUG [LineInfo_to_exitCode.log_LineInfo] 2026-09-04 22:20:59,921 [INFO] CodeEngine:297 - oldGeneratedFile, C:\Users\LH213\Desktop\projekty\Walki_robotow\ESC\ESC_test\kod\6-step, sensorless\six_step_v1_1\Inc\mc_interface.h_save
2026-09-04 22:21:00,014 INFO  [LineInfo_to_exitCode.log_LineInfo] Generated code: C:\Users\LH213\Desktop\projekty\Walki_robotow\ESC\ESC_test\kod\6-step, sensorless\six_step_v1_1\Inc\mc_interface.h
2026-09-04 22:21:00,040 DEBUG [LineInfo_to_exitCode.log_LineInfo] 2026-09-04 22:21:00,039 [INFO] CodeEngine:297 - oldGeneratedFile, C:\Users\LH213\Desktop\projekty\Walki_robotow\ESC\ESC_test\kod\6-step, sensorless\six_step_v1_1\Inc\parameters_conversion.h_save
2026-09-04 22:21:00,172 INFO  [LineInfo_to_exitCode.log_LineInfo] Generated code: C:\Users\LH213\Desktop\projekty\Walki_robotow\ESC\ESC_test\kod\6-step, sensorless\six_step_v1_1\Inc\parameters_conversion.h
2026-09-04 22:21:00,194 DEBUG [LineInfo_to_exitCode.log_LineInfo] 2026-09-04 22:21:00,194 [INFO] CodeEngine:297 - oldGeneratedFile, C:\Users\LH213\Desktop\projekty\Walki_robotow\ESC\ESC_test\kod\6-step, sensorless\six_step_v1_1\Inc\parameters_conversion_g0xx.h_save
2026-09-04 22:21:00,286 INFO  [LineInfo_to_exitCode.log_LineInfo] Generated code: C:\Users\LH213\Desktop\projekty\Walki_robotow\ESC\ESC_test\kod\6-step, sensorless\six_step_v1_1\Inc\parameters_conversion_g0xx.h
2026-09-04 22:21:00,300 DEBUG [LineInfo_to_exitCode.log_LineInfo] 2026-09-04 22:21:00,300 [INFO] CodeEngine:297 - oldGeneratedFile, C:\Users\LH213\Desktop\projekty\Walki_robotow\ESC\ESC_test\kod\6-step, sensorless\six_step_v1_1\Inc\pmsm_motor_parameters.h_save
2026-09-04 22:21:00,373 INFO  [LineInfo_to_exitCode.log_LineInfo] Generated code: C:\Users\LH213\Desktop\projekty\Walki_robotow\ESC\ESC_test\kod\6-step, sensorless\six_step_v1_1\Inc\pmsm_motor_parameters.h
2026-09-04 22:21:00,387 DEBUG [LineInfo_to_exitCode.log_LineInfo] 2026-09-04 22:21:00,387 [INFO] CodeEngine:297 - oldGeneratedFile, C:\Users\LH213\Desktop\projekty\Walki_robotow\ESC\ESC_test\kod\6-step, sensorless\six_step_v1_1\Inc\power_stage_parameters.h_save
2026-09-04 22:21:00,473 INFO  [LineInfo_to_exitCode.log_LineInfo] Generated code: C:\Users\LH213\Desktop\projekty\Walki_robotow\ESC\ESC_test\kod\6-step, sensorless\six_step_v1_1\Inc\power_stage_parameters.h
2026-09-04 22:21:00,489 DEBUG [LineInfo_to_exitCode.log_LineInfo] 2026-09-04 22:21:00,489 [INFO] CodeEngine:297 - oldGeneratedFile, C:\Users\LH213\Desktop\projekty\Walki_robotow\ESC\ESC_test\kod\6-step, sensorless\six_step_v1_1\Src\stm32_mc_common_it.c_save
2026-09-04 22:21:00,589 INFO  [LineInfo_to_exitCode.log_LineInfo] Generated code: C:\Users\LH213\Desktop\projekty\Walki_robotow\ESC\ESC_test\kod\6-step, sensorless\six_step_v1_1\Src\stm32_mc_common_it.c
2026-09-04 22:21:00,605 DEBUG [LineInfo_to_exitCode.log_LineInfo] 2026-09-04 22:21:00,605 [INFO] CodeEngine:297 - oldGeneratedFile, C:\Users\LH213\Desktop\projekty\Walki_robotow\ESC\ESC_test\kod\6-step, sensorless\six_step_v1_1\Src\stm32g0xx_mc_it.c_save
2026-09-04 22:21:00,712 INFO  [LineInfo_to_exitCode.log_LineInfo] Generated code: C:\Users\LH213\Desktop\projekty\Walki_robotow\ESC\ESC_test\kod\6-step, sensorless\six_step_v1_1\Src\stm32g0xx_mc_it.c
2026-09-04 22:21:00,727 DEBUG [LineInfo_to_exitCode.log_LineInfo] 2026-09-04 22:21:00,727 [INFO] CodeEngine:297 - oldGeneratedFile, C:\Users\LH213\Desktop\projekty\Walki_robotow\ESC\ESC_test\kod\6-step, sensorless\six_step_v1_1\Inc\mc_parameters.h_save
2026-09-04 22:21:00,811 INFO  [LineInfo_to_exitCode.log_LineInfo] Generated code: C:\Users\LH213\Desktop\projekty\Walki_robotow\ESC\ESC_test\kod\6-step, sensorless\six_step_v1_1\Inc\mc_parameters.h
2026-09-04 22:21:00,830 DEBUG [LineInfo_to_exitCode.log_LineInfo] 2026-09-04 22:21:00,830 [INFO] CodeEngine:297 - oldGeneratedFile, C:\Users\LH213\Desktop\projekty\Walki_robotow\ESC\ESC_test\kod\6-step, sensorless\six_step_v1_1\Src\mc_parameters.c_save
2026-09-04 22:21:00,988 INFO  [LineInfo_to_exitCode.log_LineInfo] Generated code: C:\Users\LH213\Desktop\projekty\Walki_robotow\ESC\ESC_test\kod\6-step, sensorless\six_step_v1_1\Src\mc_parameters.c
2026-09-04 22:21:01,008 DEBUG [LineInfo_to_exitCode.log_LineInfo] 2026-09-04 22:21:01,008 [INFO] CodeEngine:297 - oldGeneratedFile, C:\Users\LH213\Desktop\projekty\Walki_robotow\ESC\ESC_test\kod\6-step, sensorless\six_step_v1_1\Src\mc_configuration_registers.c_save
2026-09-04 22:21:01,092 INFO  [LineInfo_to_exitCode.log_LineInfo] Generated code: C:\Users\LH213\Desktop\projekty\Walki_robotow\ESC\ESC_test\kod\6-step, sensorless\six_step_v1_1\Src\mc_configuration_registers.c
2026-09-04 22:21:01,108 DEBUG [LineInfo_to_exitCode.log_LineInfo] 2026-09-04 22:21:01,107 [INFO] CodeEngine:297 - oldGeneratedFile, C:\Users\LH213\Desktop\projekty\Walki_robotow\ESC\ESC_test\kod\6-step, sensorless\six_step_v1_1\Inc\mc_configuration_registers.h_save
2026-09-04 22:21:01,215 INFO  [LineInfo_to_exitCode.log_LineInfo] Generated code: C:\Users\LH213\Desktop\projekty\Walki_robotow\ESC\ESC_test\kod\6-step, sensorless\six_step_v1_1\Inc\mc_configuration_registers.h
2026-09-04 22:21:01,234 DEBUG [LineInfo_to_exitCode.log_LineInfo] 2026-09-04 22:21:01,233 [INFO] CodeEngine:297 - oldGeneratedFile, C:\Users\LH213\Desktop\projekty\Walki_robotow\ESC\ESC_test\kod\6-step, sensorless\six_step_v1_1\Inc\mc_app_hooks.h_save
2026-09-04 22:21:01,312 INFO  [LineInfo_to_exitCode.log_LineInfo] Generated code: C:\Users\LH213\Desktop\projekty\Walki_robotow\ESC\ESC_test\kod\6-step, sensorless\six_step_v1_1\Inc\mc_app_hooks.h
2026-09-04 22:21:01,328 DEBUG [LineInfo_to_exitCode.log_LineInfo] 2026-09-04 22:21:01,328 [INFO] CodeEngine:297 - oldGeneratedFile, C:\Users\LH213\Desktop\projekty\Walki_robotow\ESC\ESC_test\kod\6-step, sensorless\six_step_v1_1\Src\mc_app_hooks.c_save
2026-09-04 22:21:01,407 INFO  [LineInfo_to_exitCode.log_LineInfo] Generated code: C:\Users\LH213\Desktop\projekty\Walki_robotow\ESC\ESC_test\kod\6-step, sensorless\six_step_v1_1\Src\mc_app_hooks.c
2026-09-04 22:21:01,425 DEBUG [LineInfo_to_exitCode.log_LineInfo] 2026-09-04 22:21:01,425 [INFO] CodeEngine:297 - oldGeneratedFile, C:\Users\LH213\Desktop\projekty\Walki_robotow\ESC\ESC_test\kod\6-step, sensorless\six_step_v1_1\Src\bemf_ADC_fdbk_sixstep.c_save
2026-09-04 22:21:01,553 INFO  [LineInfo_to_exitCode.log_LineInfo] Generated code: C:\Users\LH213\Desktop\projekty\Walki_robotow\ESC\ESC_test\kod\6-step, sensorless\six_step_v1_1\Src\bemf_ADC_fdbk_sixstep.c
2026-09-04 22:21:01,579 DEBUG [LineInfo_to_exitCode.log_LineInfo] 2026-09-04 22:21:01,579 [INFO] CodeEngine:297 - oldGeneratedFile, C:\Users\LH213\Desktop\projekty\Walki_robotow\ESC\ESC_test\kod\6-step, sensorless\six_step_v1_1\Inc\bemf_ADC_fdbk_sixstep.h_save
2026-09-04 22:21:01,685 INFO  [LineInfo_to_exitCode.log_LineInfo] Generated code: C:\Users\LH213\Desktop\projekty\Walki_robotow\ESC\ESC_test\kod\6-step, sensorless\six_step_v1_1\Inc\bemf_ADC_fdbk_sixstep.h
2026-09-04 22:21:01,707 DEBUG [LineInfo_to_exitCode.log_LineInfo] 2026-09-04 22:21:01,706 [INFO] CodeEngine:297 - oldGeneratedFile, C:\Users\LH213\Desktop\projekty\Walki_robotow\ESC\ESC_test\kod\6-step, sensorless\six_step_v1_1\Src\pwmc_sixstep.c_save
2026-09-04 22:21:01,839 INFO  [LineInfo_to_exitCode.log_LineInfo] Generated code: C:\Users\LH213\Desktop\projekty\Walki_robotow\ESC\ESC_test\kod\6-step, sensorless\six_step_v1_1\Src\pwmc_sixstep.c
2026-09-04 22:21:01,864 DEBUG [LineInfo_to_exitCode.log_LineInfo] 2026-09-04 22:21:01,864 [INFO] CodeEngine:297 - oldGeneratedFile, C:\Users\LH213\Desktop\projekty\Walki_robotow\ESC\ESC_test\kod\6-step, sensorless\six_step_v1_1\Inc\pwmc_sixstep.h_save
2026-09-04 22:21:01,961 INFO  [LineInfo_to_exitCode.log_LineInfo] Generated code: C:\Users\LH213\Desktop\projekty\Walki_robotow\ESC\ESC_test\kod\6-step, sensorless\six_step_v1_1\Inc\pwmc_sixstep.h
2026-09-04 22:21:01,996 DEBUG [LineInfo_to_exitCode.log_LineInfo] 2026-09-04 22:21:01,996 [INFO] CodeEngine:297 - oldGeneratedFile, C:\Users\LH213\Desktop\projekty\Walki_robotow\ESC\ESC_test\kod\6-step, sensorless\six_step_v1_1\Src\stm32g0xx_it.c_save
2026-09-04 22:21:02,139 INFO  [LineInfo_to_exitCode.log_LineInfo] Generated code: C:\Users\LH213\Desktop\projekty\Walki_robotow\ESC\ESC_test\kod\6-step, sensorless\six_step_v1_1\Src\stm32g0xx_it.c
2026-09-04 22:21:02,153 DEBUG [LineInfo_to_exitCode.log_LineInfo] 2026-09-04 22:21:02,153 [INFO] CodeEngine:297 - oldGeneratedFile, C:\Users\LH213\Desktop\projekty\Walki_robotow\ESC\ESC_test\kod\6-step, sensorless\six_step_v1_1\Inc\stm32g0xx_it.h_save
2026-09-04 22:21:02,225 INFO  [LineInfo_to_exitCode.log_LineInfo] Generated code: C:\Users\LH213\Desktop\projekty\Walki_robotow\ESC\ESC_test\kod\6-step, sensorless\six_step_v1_1\Inc\stm32g0xx_it.h
2026-09-04 22:21:02,259 DEBUG [LineInfo_to_exitCode.log_LineInfo] 2026-09-04 22:21:02,259 [INFO] CodeEngine:297 - oldGeneratedFile, C:\Users\LH213\Desktop\projekty\Walki_robotow\ESC\ESC_test\kod\6-step, sensorless\six_step_v1_1\Src\stm32g0xx_hal_msp.c_save
2026-09-04 22:21:02,426 INFO  [LineInfo_to_exitCode.log_LineInfo] Generated code: C:\Users\LH213\Desktop\projekty\Walki_robotow\ESC\ESC_test\kod\6-step, sensorless\six_step_v1_1\Src\stm32g0xx_hal_msp.c
2026-09-04 22:21:02,444 DEBUG [LineInfo_to_exitCode.log_LineInfo] 2026-09-04 22:21:02,444 [INFO] CodeEngine:297 - oldGeneratedFile, C:\Users\LH213\Desktop\projekty\Walki_robotow\ESC\ESC_test\kod\6-step, sensorless\six_step_v1_1\MXTmpFiles\system.tmp_save
2026-09-04 22:21:02,508 DEBUG [LineInfo_to_exitCode.log_LineInfo] 2026-09-04 22:21:02,507 [INFO] CodeEngine:321 - Generated code: C:\Users\LH213\Desktop\projekty\Walki_robotow\ESC\ESC_test\kod\6-step, sensorless\six_step_v1_1\MXTmpFiles\system.tmp
2026-09-04 22:21:02,539 DEBUG [LineInfo_to_exitCode.log_LineInfo] 2026-09-04 22:21:02,539 [INFO] CodeEngine:353 - oldGeneratedFile, C:\Users\LH213\Desktop\projekty\Walki_robotow\ESC\ESC_test\kod\6-step, sensorless\six_step_v1_1\Inc\stm32g0xx_hal_conf.h_save
2026-09-04 22:21:02,680 INFO  [LineInfo_to_exitCode.log_LineInfo] Generated code: C:\Users\LH213\Desktop\projekty\Walki_robotow\ESC\ESC_test\kod\6-step, sensorless\six_step_v1_1\Inc\stm32g0xx_hal_conf.h
2026-09-04 22:21:02,728 DEBUG [LineInfo_to_exitCode.log_LineInfo] 2026-09-04 22:21:02,728 [INFO] ApiDbMcu:530 - Load IP Config File for ADC1
2026-09-04 22:21:02,743 DEBUG [LineInfo_to_exitCode.log_LineInfo] 2026-09-04 22:21:02,743 [INFO] ApiDbMcu:530 - Load IP Config File for TIM1
2026-09-04 22:21:02,757 DEBUG [LineInfo_to_exitCode.log_LineInfo] 2026-09-04 22:21:02,757 [INFO] ApiDbMcu:530 - Load IP Config File for TIM2
2026-09-04 22:21:02,760 DEBUG [LineInfo_to_exitCode.log_LineInfo] 2026-09-04 22:21:02,759 [INFO] ApiDbMcu:530 - Load IP Config File for RCC
2026-09-04 22:21:02,791 DEBUG [LineInfo_to_exitCode.log_LineInfo] 2026-09-04 22:21:02,791 [INFO] CodeEngine:297 - oldGeneratedFile, C:\Users\LH213\Desktop\projekty\Walki_robotow\ESC\ESC_test\kod\6-step, sensorless\six_step_v1_1\Inc\main.h_save
2026-09-04 22:21:02,940 INFO  [LineInfo_to_exitCode.log_LineInfo] Generated code: C:\Users\LH213\Desktop\projekty\Walki_robotow\ESC\ESC_test\kod\6-step, sensorless\six_step_v1_1\Inc\main.h
2026-09-04 22:21:02,956 DEBUG [LineInfo_to_exitCode.log_LineInfo] 2026-09-04 22:21:02,955 [INFO] CodeEngine:297 - oldGeneratedFile, C:\Users\LH213\Desktop\projekty\Walki_robotow\ESC\ESC_test\kod\6-step, sensorless\six_step_v1_1\Src\main.c_save
2026-09-04 22:21:03,116 INFO  [LineInfo_to_exitCode.log_LineInfo] Generated code: C:\Users\LH213\Desktop\projekty\Walki_robotow\ESC\ESC_test\kod\6-step, sensorless\six_step_v1_1\Src\main.c
2026-09-04 22:21:04,014 DEBUG [LineInfo_to_exitCode.log_LineInfo] 2026-09-04 22:21:04,014 [INFO] ProjectBuilder:3738 - Time for Copy HAL[0] : 670mS.
2026-09-04 22:21:04,026 DEBUG [LineInfo_to_exitCode.log_LineInfo] 2026-09-04 22:21:04,026 [INFO] ProjectBuilder:5348 - Project Generator version: 4.10.0-B28
2026-09-04 22:21:04,144 DEBUG [LineInfo_to_exitCode.log_LineInfo] 2026-09-04 22:21:04,144 [INFO] ConfigFileManager:1614 - The Die is : DIE460
2026-09-04 22:21:04,158 DEBUG [LineInfo_to_exitCode.log_LineInfo] 2026-09-04 22:21:04,158 [INFO] ApiDbMcu:530 - Load IP Config File for FATFS
2026-09-04 22:21:04,175 DEBUG [LineInfo_to_exitCode.log_LineInfo] 2026-09-04 22:21:04,175 [INFO] ApiDbMcu:530 - Load IP Config File for FREERTOS
2026-09-04 22:21:04,190 DEBUG [LineInfo_to_exitCode.log_LineInfo] 2026-09-04 22:21:04,189 [INFO] ApiDbMcu:530 - Load IP Config File for USBPD
2026-09-04 22:21:22,021 DEBUG [LineInfo_to_exitCode.log_LineInfo] 2026-09-04 22:21:22,021 [INFO] ConfigFileManager:3225 - mx.scratch is deleted!
2026-09-04 22:21:22,022 DEBUG [LineInfo_to_exitCode.log_LineInfo] 2026-09-04 22:21:22,021 [INFO] ProjectBuilder:5636 - Time for Generating toolchain IDE Files: 17996mS.
2026-09-04 22:21:24,745 DEBUG [LineInfo_to_exitCode.log_LineInfo] 2026-09-04 22:21:24,745 [INFO] ProjectBuilder:3589 - Time for Copy CMSIS : 2724mS.
2026-09-04 22:21:25,447 DEBUG [LineInfo_to_exitCode.log_LineInfo] 2026-09-04 22:21:25,447 [INFO] ProjectBuilder:3589 - Time for Copy CMSIS : 698mS.
2026-09-04 22:21:25,460 DEBUG [LineInfo_to_exitCode.log_LineInfo] 2026-09-04 22:21:25,460 [INFO] MainFileManager:752 - Exiting application...
2026-09-04 22:21:25,461 DEBUG [LineInfo_to_exitCode.log_LineInfo] 2026-09-04 22:21:25,460 [INFO] MainFileManager:780 - Starting shutdown procedure: hiding main window.
2026-09-04 22:21:25,506 DEBUG [LineInfo_to_exitCode.log_LineInfo] 2026-09-04 22:21:25,506 [INFO] LoadUrlFilesThread:185 - End of LoadServerUrlFiles without Thread
2026-09-04 22:21:25,596 DEBUG [LineInfo_to_exitCode.log_LineInfo] 2026-09-04 22:21:25,596 [INFO] ServerAccessManage:452 - Complete download http(s) 200
2026-09-04 22:21:25,596 DEBUG [LineInfo_to_exitCode.log_LineInfo] 2026-09-04 22:21:25,596 [INFO] ServerAccessManage:509 - Download File 
2026-09-04 22:21:25,598 DEBUG [LineInfo_to_exitCode.log_LineInfo] 2026-09-04 22:21:25,598 [INFO] LoadUrlFilesThread:185 - End of LoadServerUrlFiles without Thread
2026-09-04 22:21:25,600 DEBUG [LineInfo_to_exitCode.log_LineInfo] 2026-09-04 22:21:25,600 [INFO] DbMcusAds:53 - JSON generation date=Wed Jul 15 11:44:54 CEST 2026 (1784108694001)
2026-09-04 22:21:25,602 DEBUG [LineInfo_to_exitCode.log_LineInfo] 2026-09-04 22:21:25,602 [INFO] LoadUrlFilesThread:185 - End of LoadServerUrlFiles without Thread
2026-09-04 22:21:25,603 DEBUG [LineInfo_to_exitCode.log_LineInfo] 2026-09-04 22:21:25,602 [INFO] MainFileManager:819 - Refresh advertisement image is successful
2026-09-04 22:21:25,603 DEBUG [LineInfo_to_exitCode.log_LineInfo] 2026-09-04 22:21:25,603 [INFO] ApplicationProperties:184 - Using Application install path: C:\Users\LH213\AppData\Local\Programs\STM32CubeMX
2026-09-04 22:21:25,604 DEBUG [LineInfo_to_exitCode.log_LineInfo] 2026-09-04 22:21:25,604 [INFO] ApplicationProperties:184 - Using Application install path: C:\Users\LH213\AppData\Local\Programs\STM32CubeMX
2026-09-04 22:21:25,865 DEBUG [LineInfo_to_exitCode.log_LineInfo] 2026-09-04 22:21:25,864 [INFO] MainFileManager:851 - No tmpupd_list.txt file found, skipping TMPUPD cleanup on exit.
2026-09-04 22:58:43,416 DEBUG [IOCDialogController.lambda$onClose$8] IOCGenerationDialog exists with return code 0
